step,time,x,y,z,roll,pitch,yaw,p_gain_mult,seed
0,0.0,0.0,0.0,0.09982986003160477,0.0,-0.0,0.0,1.5,123
1,0.004166666666666667,0.0,0.0,0.09974229335784912,0.0,-0.0,0.0,1.5,123
2,0.008333333333333333,0.0,0.0,0.0997372642159462,0.0,-0.0,0.0,1.5,123
3,0.0125,0.0,0.0,0.0998147502541542,0.0,-0.0,0.0,1.5,123
4,0.016666666666666666,0.0,0.0,0.09997471421957016,0.0,-0.0,0.0,1.5,123
5,0.020833333333333332,0.0,0.0,0.10021713376045227,0.0,-0.0,0.0,1.5,123
6,0.025,0.0,0.0,0.10054197907447815,0.0,-0.0,0.0,1.5,123
7,0.029166666666666667,0.0,0.0,0.10094922035932541,0.0,-0.0,0.0,1.5,123
8,0.03333333333333333,0.0,0.0,0.10143882781267166,0.0,-0.0,0.0,1.5,123
9,0.0375,0.0,0.0,0.10201077163219452,0.0,-0.0,0.0,1.5,123
10,0.041666666666666664,0.0,0.0,0.1026650220155716,0.0,-0.0,0.0,1.5,123
11,0.04583333333333333,0.0,0.0,0.1034015491604805,0.0,-0.0,0.0,1.5,123
12,0.05,0.0,0.0,0.10422030836343765,0.0,-0.0,0.0,1.5,123
13,0.05416666666666667,0.0,0.0,0.10512128472328186,0.0,-0.0,0.0,1.5,123
14,0.058333333333333334,0.0,0.0,0.10610443353652954,0.0,-0.0,0.0,1.5,123
15,0.0625,0.0,0.0,0.1071697250008583,0.0,-0.0,0.0,1.5,123
16,0.06666666666666667,0.0,0.0,0.10831712186336517,0.0,-0.0,0.0,1.5,123
17,0.07083333333333333,0.0,0.0,0.10954658687114716,0.0,-0.0,0.0,1.5,123
18,0.075,0.0,0.0,0.11085809022188187,0.0,-0.0,0.0,1.5,123
19,0.07916666666666666,0.0,0.0,0.11225160211324692,0.0,-0.0,0.0,1.5,123
20,0.08333333333333333,0.0,0.0,0.11372707039117813,0.0,-0.0,0.0,1.5,123
21,0.0875,0.0,0.0,0.11528447270393372,0.0,-0.0,0.0,1.5,123
22,0.09166666666666666,0.0,0.0,0.11692376434803009,0.0,-0.0,0.0,1.5,123
23,0.09583333333333334,0.0,0.0,0.11864490807056427,0.0,-0.0,0.0,1.5,123
24,0.1,0.0,0.0,0.12044786661863327,0.0,-0.0,0.0,1.5,123
25,0.10416666666666667,0.0,0.0,0.1223326027393341,0.0,-0.0,0.0,1.5,123
26,0.10833333333333334,0.0,0.0,0.1242990717291832,0.0,-0.0,0.0,1.5,123
27,0.1125,0.0,0.0,0.12634722888469696,0.0,-0.0,0.0,1.5,123
28,0.11666666666666667,0.0,0.0,0.1284770518541336,0.0,-0.0,0.0,1.5,123
29,0.12083333333333333,0.0,0.0,0.13068848848342896,0.0,-0.0,0.0,1.5,123
30,0.125,0.0,0.0,0.13298149406909943,0.0,-0.0,0.0,1.5,123
31,0.12916666666666668,0.0,0.0,0.13535603880882263,0.0,-0.0,0.0,1.5,123
32,0.13333333333333333,0.0,0.0,0.1378120630979538,0.0,-0.0,0.0,1.5,123
33,0.1375,0.0,0.0,0.14034953713417053,0.0,-0.0,0.0,1.5,123
34,0.14166666666666666,0.0,0.0,0.14296841621398926,0.0,-0.0,0.0,1.5,123
35,0.14583333333333334,0.0,0.0,0.1456686556339264,0.0,-0.0,0.0,1.5,123
36,0.15,0.0,0.0,0.14845019578933716,0.0,-0.0,0.0,1.5,123
37,0.15416666666666667,0.0,0.0,0.15131302177906036,0.0,-0.0,0.0,1.5,123
38,0.15833333333333333,0.0,0.0,0.15425705909729004,0.0,-0.0,0.0,1.5,123
39,0.1625,0.0,0.0,0.1572822779417038,0.0,-0.0,0.0,1.5,123
40,0.16666666666666666,0.0,0.0,0.16038861870765686,0.0,-0.0,0.0,1.5,123
41,0.17083333333333334,0.0,0.0,0.16357603669166565,0.0,-0.0,0.0,1.5,123
42,0.175,0.0,0.0,0.16684450209140778,0.0,-0.0,0.0,1.5,123
43,0.17916666666666667,0.0,0.0,0.17019395530223846,0.0,-0.0,0.0,1.5,123
44,0.18333333333333332,0.0,0.0,0.17362433671951294,0.0,-0.0,0.0,1.5,123
45,0.1875,0.0,0.0,0.1771356165409088,0.0,-0.0,0.0,1.5,123
46,0.19166666666666668,0.0,0.0,0.1807277351617813,0.0,-0.0,0.0,1.5,123
47,0.19583333333333333,0.0,0.0,0.18440064787864685,0.0,-0.0,0.0,1.5,123
48,0.2,0.0,0.0,0.18815430998802185,0.0,-0.0,0.0,1.5,123
49,0.20416666666666666,0.0,0.0,0.19198866188526154,0.0,-0.0,0.0,1.5,123
50,0.20833333333333334,0.0,0.0,0.19590364396572113,0.0,-0.0,0.0,1.5,123
51,0.2125,0.0,0.0,0.19989919662475586,0.0,-0.0,0.0,1.5,123
52,0.21666666666666667,0.0,0.0,0.20397529006004333,0.0,-0.0,0.0,1.5,123
53,0.22083333333333333,0.0,0.0,0.20813186466693878,0.0,-0.0,0.0,1.5,123
54,0.225,0.0,0.0,0.21236886084079742,0.0,-0.0,0.0,1.5,123
55,0.22916666666666666,0.0,0.0,0.21668623387813568,0.0,-0.0,0.0,1.5,123
56,0.23333333333333334,0.0,0.0,0.22108392417430878,0.0,-0.0,0.0,1.5,123
57,0.2375,0.0,0.0,0.22556187212467194,0.0,-0.0,0.0,1.5,123
58,0.24166666666666667,0.0,0.0,0.23012003302574158,0.0,-0.0,0.0,1.5,123
59,0.24583333333333332,0.0,0.0,0.23475834727287292,0.0,-0.0,0.0,1.5,123
60,0.25,0.0,0.0,0.2394767552614212,0.0,-0.0,0.0,1.5,123
61,0.25416666666666665,0.0,0.0,0.24427519738674164,0.0,-0.0,0.0,1.5,123
62,0.25833333333333336,0.0,0.0,0.24915361404418945,0.0,-0.0,0.0,1.5,123
63,0.2625,0.0,0.0,0.2541119456291199,0.0,-0.0,0.0,1.5,123
64,0.26666666666666666,0.0,0.0,0.2591501772403717,0.0,-0.0,0.0,1.5,123
65,0.2708333333333333,0.0,0.0,0.2642682194709778,0.0,-0.0,0.0,1.5,123
66,0.275,0.0,0.0,0.26946598291397095,0.0,-0.0,0.0,1.5,123
67,0.2791666666666667,0.0,0.0,0.2747434377670288,0.0,-0.0,0.0,1.5,123
68,0.2833333333333333,0.0,0.0,0.2801005244255066,0.0,-0.0,0.0,1.5,123
69,0.2875,0.0,0.0,0.28553715348243713,0.0,-0.0,0.0,1.5,123
70,0.2916666666666667,0.0,0.0,0.29105332493782043,0.0,-0.0,0.0,1.5,123
71,0.29583333333333334,0.0,0.0,0.29664894938468933,0.0,-0.0,0.0,1.5,123
72,0.3,0.0,0.0,0.30232393741607666,0.0,-0.0,0.0,1.5,123
73,0.30416666666666664,0.0,0.0,0.30807825922966003,0.0,-0.0,0.0,1.5,123
74,0.30833333333333335,0.0,0.0,0.3139118254184723,0.0,-0.0,0.0,1.5,123
75,0.3125,0.0,0.0,0.31982460618019104,0.0,-0.0,0.0,1.5,123
76,0.31666666666666665,0.0,0.0,0.3258165121078491,0.0,-0.0,0.0,1.5,123
77,0.32083333333333336,0.0,0.0,0.33188748359680176,0.0,-0.0,0.0,1.5,123
78,0.325,0.0,0.0,0.3380374312400818,0.0,-0.0,0.0,1.5,123
79,0.32916666666666666,0.0,0.0,0.3442663252353668,0.0,-0.0,0.0,1.5,123
80,0.3333333333333333,0.0,0.0,0.3505740761756897,0.0,-0.0,0.0,1.5,123
81,0.3375,0.0,0.0,0.356960654258728,0.0,-0.0,0.0,1.5,123
82,0.3416666666666667,0.0,0.0,0.36342597007751465,0.0,-0.0,0.0,1.5,123
83,0.3458333333333333,0.0,0.0,0.3699699342250824,0.0,-0.0,0.0,1.5,123
84,0.35,0.0,0.0,0.3765925168991089,0.0,-0.0,0.0,1.5,123
85,0.3541666666666667,0.0,0.0,0.38329362869262695,0.0,-0.0,0.0,1.5,123
86,0.35833333333333334,0.0,0.0,0.3900732398033142,0.0,-0.0,0.0,1.5,123
87,0.3625,0.0,0.0,0.3969312608242035,0.0,-0.0,0.0,1.5,123
88,0.36666666666666664,0.0,0.0,0.40386757254600525,0.0,-0.0,0.0,1.5,123
89,0.37083333333333335,0.0,0.0,0.4108821749687195,0.0,-0.0,0.0,1.5,123
90,0.375,0.0,0.0,0.41797497868537903,0.0,-0.0,0.0,1.5,123
91,0.37916666666666665,0.0,0.0,0.4251458942890167,0.0,-0.0,0.0,1.5,123
92,0.38333333333333336,0.0,0.0,0.4323948323726654,0.0,-0.0,0.0,1.5,123
93,0.3875,0.0,0.0,0.4397217631340027,0.0,-0.0,0.0,1.5,123
94,0.39166666666666666,0.0,0.0,0.4471265971660614,0.0,-0.0,0.0,1.5,123
95,0.3958333333333333,0.0,0.0,0.45460930466651917,0.0,-0.0,0.0,1.5,123
96,0.4,0.0,0.0,0.4621697664260864,0.0,-0.0,0.0,1.5,123
97,0.4041666666666667,0.0,0.0,0.469807893037796,0.0,-0.0,0.0,1.5,123
98,0.4083333333333333,0.0,0.0,0.47752365469932556,0.0,-0.0,0.0,1.5,123
99,0.4125,0.0,0.0,0.4853169620037079,0.0,-0.0,0.0,1.5,123
100,0.4166666666666667,0.0,0.0,0.49318772554397583,0.0,-0.0,0.0,1.5,123
101,0.42083333333333334,0.0,0.0,0.5011358857154846,0.0,-0.0,0.0,1.5,123
102,0.425,0.0,0.0,0.5091613531112671,0.0,-0.0,0.0,1.5,123
103,0.42916666666666664,0.0,0.0,0.5172640681266785,0.0,-0.0,0.0,1.5,123
104,0.43333333333333335,0.0,0.0,0.525443971157074,0.0,-0.0,0.0,1.5,123
105,0.4375,0.0,0.0,0.5337010025978088,0.0,-0.0,0.0,1.5,123
106,0.44166666666666665,0.0,0.0,0.5420350432395935,0.0,-0.0,0.0,1.5,123
107,0.44583333333333336,0.0,0.0,0.5504460334777832,0.0,-0.0,0.0,1.5,123
108,0.45,0.0,0.0,0.5589338541030884,0.0,-0.0,0.0,1.5,123
109,0.45416666666666666,0.0,0.0,0.5674984455108643,0.0,-0.0,0.0,1.5,123
110,0.4583333333333333,0.0,0.0,0.5761219263076782,0.0,-0.0,0.0,1.5,123
111,0.4625,0.0,0.0,0.5847787857055664,0.0,-0.0,0.0,1.5,123
112,0.4666666666666667,0.0,0.0,0.5934456586837769,0.0,-0.0,0.0,1.5,123
113,0.4708333333333333,0.0,0.0,0.6021008491516113,0.0,-0.0,0.0,1.5,123
114,0.475,0.0,0.0,0.6107243299484253,0.0,-0.0,0.0,1.5,123
115,0.4791666666666667,0.0,0.0,0.6192978620529175,0.0,-0.0,0.0,1.5,123
116,0.48333333333333334,0.0,0.0,0.6278046369552612,0.0,-0.0,0.0,1.5,123
117,0.4875,0.0,0.0,0.636229395866394,0.0,-0.0,0.0,1.5,123
118,0.49166666666666664,0.0,0.0,0.6445581912994385,0.0,-0.0,0.0,1.5,123
119,0.49583333333333335,0.0,0.0,0.6527785062789917,0.0,-0.0,0.0,1.5,123
120,0.5,0.0,0.0,0.6608789563179016,0.0,-0.0,0.0,1.5,123
121,0.5041666666666667,0.0,0.0,0.6688493490219116,0.0,-0.0,0.0,1.5,123
122,0.5083333333333333,0.0,0.0,0.6766806840896606,0.0,-0.0,0.0,1.5,123
123,0.5125,0.0,0.0,0.684364914894104,0.0,-0.0,0.0,1.5,123
124,0.5166666666666667,0.0,0.0,0.691895067691803,0.0,-0.0,0.0,1.5,123
125,0.5208333333333334,0.0,0.0,0.6992649435997009,0.0,-0.0,0.0,1.5,123
126,0.525,0.0,0.0,0.7064693570137024,0.0,-0.0,0.0,1.5,123
127,0.5291666666666667,0.0,0.0,0.7135037183761597,0.0,-0.0,0.0,1.5,123
128,0.5333333333333333,0.0,0.0,0.7203644514083862,0.0,-0.0,0.0,1.5,123
129,0.5375,0.0,0.0,0.7270485162734985,0.0,-0.0,0.0,1.5,123
130,0.5416666666666666,0.0,0.0,0.7335535883903503,0.0,-0.0,0.0,1.5,123
131,0.5458333333333333,0.0,0.0,0.7398779392242432,0.0,-0.0,0.0,1.5,123
132,0.55,0.0,0.0,0.7460204362869263,0.0,-0.0,0.0,1.5,123
133,0.5541666666666667,0.0,0.0,0.7519804239273071,0.0,-0.0,0.0,1.5,123
134,0.5583333333333333,0.0,0.0,0.7577577829360962,0.0,-0.0,0.0,1.5,123
135,0.5625,0.0,0.0,0.7633528113365173,0.0,-0.0,0.0,1.5,123
136,0.5666666666666667,0.0,0.0,0.7687662243843079,0.0,-0.0,0.0,1.5,123
137,0.5708333333333333,0.0,0.0,0.7739990949630737,0.0,-0.0,0.0,1.5,123
138,0.575,0.0,0.0,0.7790529131889343,0.0,-0.0,0.0,1.5,123
139,0.5791666666666667,0.0,0.0,0.7839294075965881,0.0,-0.0,0.0,1.5,123
140,0.5833333333333334,0.0,0.0,0.7886306047439575,0.0,-0.0,0.0,1.5,123
141,0.5875,0.0,0.0,0.7931588292121887,0.0,-0.0,0.0,1.5,123
142,0.5916666666666667,0.0,0.0,0.7975166440010071,0.0,-0.0,0.0,1.5,123
143,0.5958333333333333,0.0,0.0,0.801706850528717,0.0,-0.0,0.0,1.5,123
144,0.6,0.0,0.0,0.8057323694229126,0.0,-0.0,0.0,1.5,123
145,0.6041666666666666,0.0,0.0,0.8095962405204773,0.0,-0.0,0.0,1.5,123
146,0.6083333333333333,0.0,0.0,0.8133017420768738,0.0,-0.0,0.0,1.5,123
147,0.6125,0.0,0.0,0.8168522715568542,0.0,-0.0,0.0,1.5,123
148,0.6166666666666667,0.0,0.0,0.8202513456344604,0.0,-0.0,0.0,1.5,123
149,0.6208333333333333,0.0,0.0,0.8235024809837341,0.0,-0.0,0.0,1.5,123
150,0.625,0.0,0.0,0.8266093730926514,0.0,-0.0,0.0,1.5,123
151,0.6291666666666667,0.0,0.0,0.829575777053833,0.0,-0.0,0.0,1.5,123
152,0.6333333333333333,0.0,0.0,0.8324054479598999,0.0,-0.0,0.0,1.5,123
153,0.6375,0.0,0.0,0.8351022005081177,0.0,-0.0,0.0,1.5,123
154,0.6416666666666667,0.0,0.0,0.8376697897911072,0.0,-0.0,0.0,1.5,123
155,0.6458333333333334,0.0,0.0,0.8401120901107788,0.0,-0.0,0.0,1.5,123
156,0.65,0.0,0.0,0.8424329161643982,0.0,-0.0,0.0,1.5,123
157,0.6541666666666667,0.0,0.0,0.8446362018585205,0.0,-0.0,0.0,1.5,123
158,0.6583333333333333,0.0,0.0,0.8467257022857666,0.0,-0.0,0.0,1.5,123
159,0.6625,0.0,0.0,0.8487051725387573,0.0,-0.0,0.0,1.5,123
160,0.6666666666666666,0.0,0.0,0.8505784273147583,0.0,-0.0,0.0,1.5,123
161,0.6708333333333333,0.0,0.0,0.8523492217063904,0.0,-0.0,0.0,1.5,123
162,0.675,0.0,0.0,0.8540211915969849,0.0,-0.0,0.0,1.5,123
163,0.6791666666666667,0.0,0.0,0.8555980324745178,0.0,-0.0,0.0,1.5,123
164,0.6833333333333333,0.0,0.0,0.857083261013031,0.0,-0.0,0.0,1.5,123
165,0.6875,0.0,0.0,0.8584804534912109,0.0,-0.0,0.0,1.5,123
166,0.6916666666666667,0.0,0.0,0.8597930073738098,0.0,-0.0,0.0,1.5,123
167,0.6958333333333333,0.0,0.0,0.8610243797302246,0.0,-0.0,0.0,1.5,123
168,0.7,0.0,0.0,0.8621779084205627,0.0,-0.0,0.0,1.5,123
169,0.7041666666666667,0.0,0.0,0.8632568120956421,0.0,-0.0,0.0,1.5,123
170,0.7083333333333334,0.0,0.0,0.8642643094062805,0.0,-0.0,0.0,1.5,123
171,0.7125,0.0,0.0,0.8652034997940063,0.0,-0.0,0.0,1.5,123
172,0.7166666666666667,0.0,0.0,0.8660774230957031,0.0,-0.0,0.0,1.5,123
173,0.7208333333333333,0.0,0.0,0.8668889999389648,0.0,-0.0,0.0,1.5,123
174,0.725,0.0,0.0,0.8676410913467407,0.0,-0.0,0.0,1.5,123
175,0.7291666666666666,0.0,0.0,0.86833655834198,0.0,-0.0,0.0,1.5,123
176,0.7333333333333333,0.0,0.0,0.8689781427383423,0.0,-0.0,0.0,1.5,123
177,0.7375,0.0,0.0,0.869568407535553,0.0,-0.0,0.0,1.5,123
178,0.7416666666666667,0.0,0.0,0.8701099157333374,0.0,-0.0,0.0,1.5,123
179,0.7458333333333333,0.0,0.0,0.8706051707267761,0.0,-0.0,0.0,1.5,123
180,0.75,0.0,0.0,0.8710565567016602,0.0,-0.0,0.0,1.5,123
181,0.7541666666666667,0.0,0.0,0.871466338634491,0.0,-0.0,0.0,1.5,123
182,0.7583333333333333,0.0,0.0,0.87183678150177,0.0,-0.0,0.0,1.5,123
183,0.7625,0.0,0.0,0.8721700310707092,0.0,-0.0,0.0,1.5,123
184,0.7666666666666667,0.0,0.0,0.8724682331085205,0.0,-0.0,0.0,1.5,123
185,0.7708333333333334,0.0,0.0,0.8727332949638367,0.0,-0.0,0.0,1.5,123
186,0.775,0.0,0.0,0.8729672431945801,0.0,-0.0,0.0,1.5,123
187,0.7791666666666667,0.0,0.0,0.873171865940094,0.0,-0.0,0.0,1.5,123
188,0.7833333333333333,0.0,0.0,0.8733489513397217,0.0,-0.0,0.0,1.5,123
189,0.7875,0.0,0.0,0.8735001683235168,0.0,-0.0,0.0,1.5,123
190,0.7916666666666666,0.0,0.0,0.8736271858215332,0.0,-0.0,0.0,1.5,123
191,0.7958333333333333,0.0,0.0,0.8737315535545349,0.0,-0.0,0.0,1.5,123
192,0.8,0.0,0.0,0.8738148212432861,0.0,-0.0,0.0,1.5,123
193,0.8041666666666667,0.0,0.0,0.8738784193992615,0.0,-0.0,0.0,1.5,123
194,0.8083333333333333,0.0,0.0,0.873923659324646,0.0,-0.0,0.0,1.5,123
195,0.8125,0.0,0.0,0.8739519119262695,0.0,-0.0,0.0,1.5,123
196,0.8166666666666667,0.0,0.0,0.8739644289016724,0.0,-0.0,0.0,1.5,123
197,0.8208333333333333,0.0,0.0,0.8739623427391052,0.0,-0.0,0.0,1.5,123
198,0.825,0.0,0.0,0.8739468455314636,0.0,-0.0,0.0,1.5,123
199,0.8291666666666667,0.0,0.0,0.8739190101623535,0.0,-0.0,0.0,1.5,123
200,0.8333333333333334,0.0,0.0,0.8738798499107361,0.0,-0.0,0.0,1.5,123
201,0.8375,0.0,0.0,0.8738303184509277,0.0,-0.0,0.0,1.5,123
202,0.8416666666666667,0.0,0.0,0.8737713694572449,0.0,-0.0,0.0,1.5,123
203,0.8458333333333333,0.0,0.0,0.8737038373947144,0.0,-0.0,0.0,1.5,123
204,0.85,0.0,0.0,0.873628556728363,0.0,-0.0,0.0,1.5,123
205,0.8541666666666666,0.0,0.0,0.8735463619232178,0.0,-0.0,0.0,1.5,123
206,0.8583333333333333,0.0,0.0,0.8734579086303711,0.0,-0.0,0.0,1.5,123
207,0.8625,0.0,0.0,0.8733639121055603,0.0,-0.0,0.0,1.5,123
208,0.8666666666666667,0.0,0.0,0.8732650876045227,0.0,-0.0,0.0,1.5,123
209,0.8708333333333333,0.0,0.0,0.873162031173706,0.0,-0.0,0.0,1.5,123
210,0.875,0.0,0.0,0.8730552792549133,0.0,-0.0,0.0,1.5,123
211,0.8791666666666667,0.0,0.0,0.8729453682899475,0.0,-0.0,0.0,1.5,123
212,0.8833333333333333,0.0,0.0,0.8728328347206116,0.0,-0.0,0.0,1.5,123
213,0.8875,0.0,0.0,0.8727181553840637,0.0,-0.0,0.0,1.5,123
214,0.8916666666666667,0.0,0.0,0.8726018071174622,0.0,-0.0,0.0,1.5,123
215,0.8958333333333334,0.0,0.0,0.8724841475486755,0.0,-0.0,0.0,1.5,123
216,0.9,0.0,0.0,0.8723655939102173,0.0,-0.0,0.0,1.5,123
217,0.9041666666666667,0.0,0.0,0.8722464442253113,0.0,-0.0,0.0,1.5,123
218,0.9083333333333333,0.0,0.0,0.872127115726471,0.0,-0.0,0.0,1.5,123
219,0.9125,0.0,0.0,0.8720078468322754,0.0,-0.0,0.0,1.5,123
220,0.9166666666666666,0.0,0.0,0.8718889355659485,0.0,-0.0,0.0,1.5,123
221,0.9208333333333333,0.0,0.0,0.8717706203460693,0.0,-0.0,0.0,1.5,123
222,0.925,0.0,0.0,0.8716531991958618,0.0,-0.0,0.0,1.5,123
223,0.9291666666666667,0.0,0.0,0.8715368509292603,0.0,-0.0,0.0,1.5,123
224,0.9333333333333333,0.0,0.0,0.871421754360199,0.0,-0.0,0.0,1.5,123
225,0.9375,0.0,0.0,0.8713081479072571,0.0,-0.0,0.0,1.5,123
226,0.9416666666666667,0.0,0.0,0.8711961507797241,0.0,-0.0,0.0,1.5,123
227,0.9458333333333333,0.0,0.0,0.8710858821868896,0.0,-0.0,0.0,1.5,123
228,0.95,0.0,0.0,0.870977520942688,0.0,-0.0,0.0,1.5,123
229,0.9541666666666667,0.0,0.0,0.8708711266517639,0.0,-0.0,0.0,1.5,123
230,0.9583333333333334,0.0,0.0,0.8707668781280518,0.0,-0.0,0.0,1.5,123
231,0.9625,0.0,0.0,0.8706647753715515,0.0,-0.0,0.0,1.5,123
232,0.9666666666666667,0.0,0.0,0.8705649971961975,0.0,-0.0,0.0,1.5,123
233,0.9708333333333333,0.0,0.0,0.8704675436019897,0.0,-0.0,0.0,1.5,123
234,0.975,0.0,0.0,0.870372474193573,0.0,-0.0,0.0,1.5,123
235,0.9791666666666666,0.0,0.0,0.870279848575592,0.0,-0.0,0.0,1.5,123
236,0.9833333333333333,0.0,0.0,0.8701896667480469,0.0,-0.0,0.0,1.5,123
237,0.9875,0.0,0.0,0.8701019883155823,0.0,-0.0,0.0,1.5,123
238,0.9916666666666667,0.0,0.0,0.8700168132781982,0.0,-0.0,0.0,1.5,123
239,0.9958333333333333,0.0,0.0,0.8699341416358948,0.0,-0.0,0.0,1.5,123
240,1.0,0.0,0.0,0.8698539733886719,0.0,-0.0,0.0,1.5,123
241,1.0041666666666667,0.0,0.0,0.8697763681411743,0.0,-0.0,0.0,1.5,123
242,1.0083333333333333,0.0,0.0,0.8697012662887573,0.0,-0.0,0.0,1.5,123
243,1.0125,0.0,0.0,0.8696286678314209,0.0,-0.0,0.0,1.5,123
244,1.0166666666666666,0.0,0.0,0.869558572769165,0.0,-0.0,0.0,1.5,123
245,1.0208333333333333,0.0,0.0,0.869490921497345,0.0,-0.0,0.0,1.5,123
246,1.025,0.0,0.0,0.8694257140159607,0.0,-0.0,0.0,1.5,123
247,1.0291666666666666,0.0,0.0,0.8693628907203674,0.0,-0.0,0.0,1.5,123
248,1.0333333333333334,0.0,0.0,0.8693024516105652,0.0,-0.0,0.0,1.5,123
249,1.0375,0.0,0.0,0.8692443370819092,0.0,-0.0,0.0,1.5,123
250,1.0416666666666667,0.0,0.0,0.8691884875297546,0.0,-0.0,0.0,1.5,123
251,1.0458333333333334,0.0,0.0,0.8691349029541016,0.0,-0.0,0.0,1.5,123
252,1.05,0.0,0.0,0.8690835237503052,0.0,-0.0,0.0,1.5,123
253,1.0541666666666667,0.0,0.0,0.8690342903137207,0.0,-0.0,0.0,1.5,123
254,1.0583333333333333,0.0,0.0,0.8689871430397034,0.0,-0.0,0.0,1.5,123
255,1.0625,0.0,0.0,0.8689420819282532,0.0,-0.0,0.0,1.5,123
256,1.0666666666666667,0.0,0.0,0.8688989877700806,0.0,-0.0,0.0,1.5,123
257,1.0708333333333333,0.0,0.0,0.8688578605651855,0.0,-0.0,0.0,1.5,123
258,1.075,0.0,0.0,0.8688186407089233,0.0,-0.0,0.0,1.5,123
259,1.0791666666666666,0.0,0.0,0.8687812685966492,0.0,-0.0,0.0,1.5,123
260,1.0833333333333333,0.0,0.0,0.8687456846237183,0.0,-0.0,0.0,1.5,123
261,1.0875,0.0,0.0,0.8687118887901306,0.0,-0.0,0.0,1.5,123
262,1.0916666666666666,0.0,0.0,0.8686797618865967,0.0,-0.0,0.0,1.5,123
263,1.0958333333333334,0.0,0.0,0.8686492443084717,0.0,-0.0,0.0,1.5,123
264,1.1,0.0,0.0,0.8686203360557556,0.0,-0.0,0.0,1.5,123
265,1.1041666666666667,0.0,0.0,0.8685929775238037,0.0,-0.0,0.0,1.5,123
266,1.1083333333333334,0.0,0.0,0.8685670495033264,0.0,-0.0,0.0,1.5,123
267,1.1125,0.0,0.0,0.8685425519943237,0.0,-0.0,0.0,1.5,123
268,1.1166666666666667,0.0,0.0,0.8685194253921509,0.0,-0.0,0.0,1.5,123
269,1.1208333333333333,0.0,0.0,0.8684976100921631,0.0,-0.0,0.0,1.5,123
270,1.125,0.0,0.0,0.8684770464897156,0.0,-0.0,0.0,1.5,123
271,1.1291666666666667,0.0,0.0,0.8684577345848083,0.0,-0.0,0.0,1.5,123
272,1.1333333333333333,0.0,0.0,0.8684396147727966,0.0,-0.0,0.0,1.5,123
273,1.1375,0.0,0.0,0.8684226274490356,0.0,-0.0,0.0,1.5,123
274,1.1416666666666666,0.0,0.0,0.8684067130088806,0.0,-0.0,0.0,1.5,123
275,1.1458333333333333,0.0,0.0,0.8683918714523315,0.0,-0.0,0.0,1.5,123
276,1.15,0.0,0.0,0.8683779835700989,0.0,-0.0,0.0,1.5,123
277,1.1541666666666666,0.0,0.0,0.8683650493621826,0.0,-0.0,0.0,1.5,123
278,1.1583333333333334,0.0,0.0,0.868353009223938,0.0,-0.0,0.0,1.5,123
279,1.1625,0.0,0.0,0.868341863155365,0.0,-0.0,0.0,1.5,123
280,1.1666666666666667,0.0,0.0,0.8683315515518188,0.0,-0.0,0.0,1.5,123
281,1.1708333333333334,0.0,0.0,0.86832195520401,0.0,-0.0,0.0,1.5,123
282,1.175,0.0,0.0,0.8683131337165833,0.0,-0.0,0.0,1.5,123
283,1.1791666666666667,0.0,0.0,0.8683050274848938,0.0,-0.0,0.0,1.5,123
284,1.1833333333333333,0.0,0.0,0.8682975769042969,0.0,-0.0,0.0,1.5,123
285,1.1875,0.0,0.0,0.8682907819747925,0.0,-0.0,0.0,1.5,123
286,1.1916666666666667,0.0,0.0,0.8682846426963806,0.0,-0.0,0.0,1.5,123
287,1.1958333333333333,0.0,0.0,0.8682790398597717,0.0,-0.0,0.0,1.5,123
288,1.2,0.0,0.0,0.8682739734649658,0.0,-0.0,0.0,1.5,123
289,1.2041666666666666,0.0,0.0,0.8682694435119629,0.0,-0.0,0.0,1.5,123
290,1.2083333333333333,0.0,0.0,0.8682653903961182,0.0,-0.0,0.0,1.5,123
291,1.2125,0.0,0.0,0.8682617545127869,0.0,-0.0,0.0,1.5,123
292,1.2166666666666666,0.0,0.0,0.8682585954666138,0.0,-0.0,0.0,1.5,123
293,1.2208333333333334,0.0,0.0,0.8682557940483093,0.0,-0.0,0.0,1.5,123
294,1.225,0.0,0.0,0.8682534098625183,0.0,-0.0,0.0,1.5,123
295,1.2291666666666667,0.0,0.0,0.868251383304596,0.0,-0.0,0.0,1.5,123
296,1.2333333333333334,0.0,0.0,0.8682496547698975,0.0,-0.0,0.0,1.5,123
297,1.2375,0.0,0.0,0.8682482838630676,0.0,-0.0,0.0,1.5,123
298,1.2416666666666667,0.0,0.0,0.8682472109794617,0.0,-0.0,0.0,1.5,123
299,1.2458333333333333,0.0,0.0,0.8682464361190796,0.0,-0.0,0.0,1.5,123
300,1.25,0.0,0.0,0.8682458996772766,0.0,-0.0,0.0,1.5,123
301,1.2541666666666667,0.0,0.0,0.8682456016540527,0.0,-0.0,0.0,1.5,123
302,1.2583333333333333,0.0,0.0,0.8682454824447632,0.0,-0.0,0.0,1.5,123
303,1.2625,0.0,0.0,0.868245542049408,0.0,-0.0,0.0,1.5,123
304,1.2666666666666666,0.0,0.0,0.8682458400726318,0.0,-0.0,0.0,1.5,123
305,1.2708333333333333,0.0,0.0,0.8682462573051453,0.0,-0.0,0.0,1.5,123
306,1.275,0.0,0.0,0.868246853351593,0.0,-0.0,0.0,1.5,123
307,1.2791666666666666,0.0,0.0,0.8682476282119751,0.0,-0.0,0.0,1.5,123
308,1.2833333333333334,0.0,0.0,0.8682485222816467,0.0,-0.0,0.0,1.5,123
309,1.2875,0.0,0.0,0.8682495355606079,0.0,-0.0,0.0,1.5,123
310,1.2916666666666667,0.0,0.0,0.8682506680488586,0.0,-0.0,0.0,1.5,123
311,1.2958333333333334,0.0,0.0,0.8682518601417542,0.0,-0.0,0.0,1.5,123
312,1.3,0.0,0.0,0.8682531118392944,0.0,-0.0,0.0,1.5,123
313,1.3041666666666667,0.0,0.0,0.8682544827461243,0.0,-0.0,0.0,1.5,123
314,1.3083333333333333,0.0,0.0,0.8682558536529541,0.0,-0.0,0.0,1.5,123
315,1.3125,0.0,0.0,0.8682573437690735,0.0,-0.0,0.0,1.5,123
316,1.3166666666666667,0.0,0.0,0.8682588338851929,0.0,-0.0,0.0,1.5,123
317,1.3208333333333333,0.0,0.0,0.868260383605957,0.0,-0.0,0.0,1.5,123
318,1.325,0.0,0.0,0.868261992931366,0.0,-0.0,0.0,1.5,123
319,1.3291666666666666,0.0,0.0,0.8682636022567749,0.0,-0.0,0.0,1.5,123
320,1.3333333333333333,0.0,0.0,0.8682652115821838,0.0,-0.0,0.0,1.5,123
321,1.3375,0.0,0.0,0.8682668805122375,0.0,-0.0,0.0,1.5,123
322,1.3416666666666666,0.0,0.0,0.8682685494422913,0.0,-0.0,0.0,1.5,123
323,1.3458333333333334,0.0,0.0,0.868270218372345,0.0,-0.0,0.0,1.5,123
324,1.35,0.0,0.0,0.8682718873023987,0.0,-0.0,0.0,1.5,123
325,1.3541666666666667,0.0,0.0,0.8682735562324524,0.0,-0.0,0.0,1.5,123
326,1.3583333333333334,0.0,0.0,0.8682752251625061,0.0,-0.0,0.0,1.5,123
327,1.3625,0.0,0.0,0.8682768940925598,0.0,-0.0,0.0,1.5,123
328,1.3666666666666667,0.0,0.0,0.8682785034179688,0.0,-0.0,0.0,1.5,123
329,1.3708333333333333,0.0,0.0,0.8682801127433777,0.0,-0.0,0.0,1.5,123
330,1.375,0.0,0.0,0.8682817220687866,0.0,-0.0,0.0,1.5,123
331,1.3791666666666667,0.0,0.0,0.8682833313941956,0.0,-0.0,0.0,1.5,123
332,1.3833333333333333,0.0,0.0,0.8682849407196045,0.0,-0.0,0.0,1.5,123
333,1.3875,0.0,0.0,0.8682864904403687,0.0,-0.0,0.0,1.5,123
334,1.3916666666666666,0.0,0.0,0.868287980556488,0.0,-0.0,0.0,1.5,123
335,1.3958333333333333,0.0,0.0,0.8682894706726074,0.0,-0.0,0.0,1.5,123
336,1.4,0.0,0.0,0.8682909607887268,0.0,-0.0,0.0,1.5,123
337,1.4041666666666666,0.0,0.0,0.8682923913002014,0.0,-0.0,0.0,1.5,123
338,1.4083333333333334,0.0,0.0,0.8682937622070312,0.0,-0.0,0.0,1.5,123
339,1.4125,0.0,0.0,0.8682951331138611,0.0,-0.0,0.0,1.5,123
340,1.4166666666666667,0.0,0.0,0.8682964444160461,0.0,-0.0,0.0,1.5,123
341,1.4208333333333334,0.0,0.0,0.8682977557182312,0.0,-0.0,0.0,1.5,123
342,1.425,0.0,0.0,0.8682990074157715,0.0,-0.0,0.0,1.5,123
343,1.4291666666666667,0.0,0.0,0.8683002591133118,0.0,-0.0,0.0,1.5,123
344,1.4333333333333333,0.0,0.0,0.8683014512062073,0.0,-0.0,0.0,1.5,123
345,1.4375,0.0,0.0,0.868302583694458,0.0,-0.0,0.0,1.5,123
346,1.4416666666666667,0.0,0.0,0.8683037161827087,0.0,-0.0,0.0,1.5,123
347,1.4458333333333333,0.0,0.0,0.8683047890663147,0.0,-0.0,0.0,1.5,123
348,1.45,0.0,0.0,0.8683058023452759,0.0,-0.0,0.0,1.5,123
349,1.4541666666666666,0.0,0.0,0.8683068156242371,0.0,-0.0,0.0,1.5,123
350,1.4583333333333333,0.0,0.0,0.8683078289031982,0.0,-0.0,0.0,1.5,123
351,1.4625,0.0,0.0,0.8683087825775146,0.0,-0.0,0.0,1.5,123
352,1.4666666666666666,0.0,0.0,0.8683096766471863,0.0,-0.0,0.0,1.5,123
353,1.4708333333333334,0.0,0.0,0.8683105707168579,0.0,-0.0,0.0,1.5,123
354,1.475,0.0,0.0,0.8683114051818848,0.0,-0.0,0.0,1.5,123
355,1.4791666666666667,0.0,0.0,0.8683121800422668,0.0,-0.0,0.0,1.5,123
356,1.4833333333333334,0.0,0.0,0.8683129549026489,0.0,-0.0,0.0,1.5,123
357,1.4875,0.0,0.0,0.868313729763031,0.0,-0.0,0.0,1.5,123
358,1.4916666666666667,0.0,0.0,0.8683144450187683,0.0,-0.0,0.0,1.5,123
359,1.4958333333333333,0.0,0.0,0.8683151006698608,0.0,-0.0,0.0,1.5,123
360,1.5,0.0,0.0,0.8683157563209534,0.0,-0.0,0.0,1.5,123
361,1.5041666666666667,0.0,0.0,0.8683164119720459,0.0,-0.0,0.0,1.5,123
362,1.5083333333333333,0.0,0.0,0.8683170080184937,0.0,-0.0,0.0,1.5,123
363,1.5125,0.0,0.0,0.8683175444602966,0.0,-0.0,0.0,1.5,123
364,1.5166666666666666,0.0,0.0,0.8683180809020996,0.0,-0.0,0.0,1.5,123
365,1.5208333333333333,0.0,0.0,0.8683186173439026,0.0,-0.0,0.0,1.5,123
366,1.525,0.0,0.0,0.8683190941810608,0.0,-0.0,0.0,1.5,123
367,1.5291666666666666,0.0,0.0,0.868319571018219,0.0,-0.0,0.0,1.5,123
368,1.5333333333333334,0.0,0.0,0.8683199882507324,0.0,-0.0,0.0,1.5,123
369,1.5375,0.0,0.0,0.8683204054832458,0.0,-0.0,0.0,1.5,123
370,1.5416666666666667,0.0,0.0,0.8683208227157593,0.0,-0.0,0.0,1.5,123
371,1.5458333333333334,0.0,0.0,0.8683212399482727,0.0,-0.0,0.0,1.5,123
372,1.55,0.0,0.0,0.8683215975761414,0.0,-0.0,0.0,1.5,123
373,1.5541666666666667,0.0,0.0,0.8683218955993652,0.0,-0.0,0.0,1.5,123
374,1.5583333333333333,0.0,0.0,0.8683221936225891,0.0,-0.0,0.0,1.5,123
375,1.5625,0.0,0.0,0.868322491645813,0.0,-0.0,0.0,1.5,123
376,1.5666666666666667,0.0,0.0,0.8683227896690369,0.0,-0.0,0.0,1.5,123
377,1.5708333333333333,0.0,0.0,0.8683230876922607,0.0,-0.0,0.0,1.5,123
378,1.575,0.0,0.0,0.8683233261108398,0.0,-0.0,0.0,1.5,123
379,1.5791666666666666,0.0,0.0,0.868323564529419,0.0,-0.0,0.0,1.5,123
380,1.5833333333333333,0.0,0.0,0.868323802947998,0.0,-0.0,0.0,1.5,123
381,1.5875,0.0,0.0,0.8683239817619324,0.0,-0.0,0.0,1.5,123
382,1.5916666666666666,0.0,0.0,0.8683241605758667,0.0,-0.0,0.0,1.5,123
383,1.5958333333333334,0.0,0.0,0.868324339389801,0.0,-0.0,0.0,1.5,123
384,1.6,0.0,0.0,0.8683245182037354,0.0,-0.0,0.0,1.5,123
385,1.6041666666666667,0.0,0.0,0.8683246970176697,0.0,-0.0,0.0,1.5,123
386,1.6083333333333334,0.0,0.0,0.868324875831604,0.0,-0.0,0.0,1.5,123
387,1.6125,0.0,0.0,0.8683249950408936,0.0,-0.0,0.0,1.5,123
388,1.6166666666666667,0.0,0.0,0.8683251142501831,0.0,-0.0,0.0,1.5,123
389,1.6208333333333333,0.0,0.0,0.8683252334594727,0.0,-0.0,0.0,1.5,123
390,1.625,0.0,0.0,0.8683253526687622,0.0,-0.0,0.0,1.5,123
391,1.6291666666666667,0.0,0.0,0.868325412273407,0.0,-0.0,0.0,1.5,123
392,1.6333333333333333,0.0,0.0,0.8683254718780518,0.0,-0.0,0.0,1.5,123
393,1.6375,0.0,0.0,0.8683255314826965,0.0,-0.0,0.0,1.5,123
394,1.6416666666666666,0.0,0.0,0.8683255910873413,0.0,-0.0,0.0,1.5,123
395,1.6458333333333333,0.0,0.0,0.8683256506919861,0.0,-0.0,0.0,1.5,123
396,1.65,0.0,0.0,0.8683257102966309,0.0,-0.0,0.0,1.5,123
397,1.6541666666666666,0.0,0.0,0.8683257699012756,0.0,-0.0,0.0,1.5,123
398,1.6583333333333334,0.0,0.0,0.8683258295059204,0.0,-0.0,0.0,1.5,123
399,1.6625,0.0,0.0,0.8683258891105652,0.0,-0.0,0.0,1.5,123
400,1.6666666666666667,0.0,0.0,0.86832594871521,0.0,-0.0,0.0,1.5,123
401,1.6708333333333334,0.0,0.0,0.8683260083198547,0.0,-0.0,0.0,1.5,123
402,1.675,0.0,0.0,0.8683260679244995,0.0,-0.0,0.0,1.5,123
403,1.6791666666666667,0.0,0.0,0.8683261275291443,0.0,-0.0,0.0,1.5,123
404,1.6833333333333333,0.0,0.0,0.8683261275291443,0.0,-0.0,0.0,1.5,123
405,1.6875,0.0,0.0,0.8683261275291443,0.0,-0.0,0.0,1.5,123
406,1.6916666666666667,0.0,0.0,0.8683261275291443,0.0,-0.0,0.0,1.5,123
407,1.6958333333333333,0.0,0.0,0.8683261275291443,0.0,-0.0,0.0,1.5,123
408,1.7,0.0,0.0,0.8683261275291443,0.0,-0.0,0.0,1.5,123
409,1.7041666666666666,0.0,0.0,0.8683261275291443,0.0,-0.0,0.0,1.5,123
410,1.7083333333333333,0.0,0.0,0.8683261275291443,0.0,-0.0,0.0,1.5,123
411,1.7125,0.0,0.0,0.8683261275291443,0.0,-0.0,0.0,1.5,123
412,1.7166666666666666,0.0,0.0,0.8683261275291443,0.0,-0.0,0.0,1.5,123
413,1.7208333333333334,0.0,0.0,0.8683261275291443,0.0,-0.0,0.0,1.5,123
414,1.725,0.0,0.0,0.8683261275291443,0.0,-0.0,0.0,1.5,123
415,1.7291666666666667,0.0,0.0,0.8683261275291443,0.0,-0.0,0.0,1.5,123
416,1.7333333333333334,0.0,0.0,0.8683260679244995,0.0,-0.0,0.0,1.5,123
417,1.7375,0.0,0.0,0.8683260083198547,0.0,-0.0,0.0,1.5,123
418,1.7416666666666667,0.0,0.0,0.86832594871521,0.0,-0.0,0.0,1.5,123
419,1.7458333333333333,0.0,0.0,0.8683258891105652,0.0,-0.0,0.0,1.5,123
420,1.75,0.0,0.0,0.8683258295059204,0.0,-0.0,0.0,1.5,123
421,1.7541666666666667,0.0,0.0,0.8683257699012756,0.0,-0.0,0.0,1.5,123
422,1.7583333333333333,0.0,0.0,0.8683257102966309,0.0,-0.0,0.0,1.5,123
423,1.7625,0.0,0.0,0.8683256506919861,0.0,-0.0,0.0,1.5,123
424,1.7666666666666666,0.0,0.0,0.8683255910873413,0.0,-0.0,0.0,1.5,123
425,1.7708333333333333,0.0,0.0,0.8683255314826965,0.0,-0.0,0.0,1.5,123
426,1.775,0.0,0.0,0.8683254718780518,0.0,-0.0,0.0,1.5,123
427,1.7791666666666666,0.0,0.0,0.868325412273407,0.0,-0.0,0.0,1.5,123
428,1.7833333333333334,0.0,0.0,0.8683253526687622,0.0,-0.0,0.0,1.5,123
429,1.7875,0.0,0.0,0.8683252930641174,0.0,-0.0,0.0,1.5,123
430,1.7916666666666667,0.0,0.0,0.8683252334594727,0.0,-0.0,0.0,1.5,123
431,1.7958333333333334,0.0,0.0,0.8683251738548279,0.0,-0.0,0.0,1.5,123
432,1.8,0.0,0.0,0.8683251142501831,0.0,-0.0,0.0,1.5,123
433,1.8041666666666667,0.0,0.0,0.8683250546455383,0.0,-0.0,0.0,1.5,123
434,1.8083333333333333,0.0,0.0,0.8683250546455383,0.0,-0.0,0.0,1.5,123
435,1.8125,0.0,0.0,0.8683250546455383,0.0,-0.0,0.0,1.5,123
436,1.8166666666666667,0.0,0.0,0.8683250546455383,0.0,-0.0,0.0,1.5,123
437,1.8208333333333333,0.0,0.0,0.8683250546455383,0.0,-0.0,0.0,1.5,123
438,1.825,0.0,0.0,0.8683250546455383,0.0,-0.0,0.0,1.5,123
439,1.8291666666666666,0.0,0.0,0.8683250546455383,0.0,-0.0,0.0,1.5,123
440,1.8333333333333333,0.0,0.0,0.8683250546455383,0.0,-0.0,0.0,1.5,123
441,1.8375,0.0,0.0,0.8683250546455383,0.0,-0.0,0.0,1.5,123
442,1.8416666666666666,0.0,0.0,0.8683250546455383,0.0,-0.0,0.0,1.5,123
443,1.8458333333333334,0.0,0.0,0.8683250546455383,0.0,-0.0,0.0,1.5,123
444,1.85,0.0,0.0,0.8683250546455383,0.0,-0.0,0.0,1.5,123
445,1.8541666666666667,0.0,0.0,0.8683250546455383,0.0,-0.0,0.0,1.5,123
446,1.8583333333333334,0.0,0.0,0.8683250546455383,0.0,-0.0,0.0,1.5,123
447,1.8625,0.0,0.0,0.8683250546455383,0.0,-0.0,0.0,1.5,123
448,1.8666666666666667,0.0,0.0,0.8683250546455383,0.0,-0.0,0.0,1.5,123
449,1.8708333333333333,0.0,0.0,0.8683250546455383,0.0,-0.0,0.0,1.5,123
450,1.875,0.0,0.0,0.8683250546455383,0.0,-0.0,0.0,1.5,123
451,1.8791666666666667,0.0,0.0,0.8683250546455383,0.0,-0.0,0.0,1.5,123
452,1.8833333333333333,0.0,0.0,0.8683250546455383,0.0,-0.0,0.0,1.5,123
453,1.8875,0.0,0.0,0.8683250546455383,0.0,-0.0,0.0,1.5,123
454,1.8916666666666666,0.0,0.0,0.8683250546455383,0.0,-0.0,0.0,1.5,123
455,1.8958333333333333,0.0,0.0,0.8683250546455383,0.0,-0.0,0.0,1.5,123
456,1.9,0.0,0.0,0.8683250546455383,0.0,-0.0,0.0,1.5,123
457,1.9041666666666666,0.0,0.0,0.8683250546455383,0.0,-0.0,0.0,1.5,123
458,1.9083333333333334,0.0,0.0,0.8683250546455383,0.0,-0.0,0.0,1.5,123
459,1.9125,0.0,0.0,0.8683250546455383,0.0,-0.0,0.0,1.5,123
460,1.9166666666666667,0.0,0.0,0.8683250546455383,0.0,-0.0,0.0,1.5,123
461,1.9208333333333334,0.0,0.0,0.8683250546455383,0.0,-0.0,0.0,1.5,123
462,1.925,0.0,0.0,0.8683250546455383,0.0,-0.0,0.0,1.5,123
463,1.9291666666666667,0.0,0.0,0.8683250546455383,0.0,-0.0,0.0,1.5,123
464,1.9333333333333333,0.0,0.0,0.8683250546455383,0.0,-0.0,0.0,1.5,123
465,1.9375,0.0,0.0,0.8683250546455383,0.0,-0.0,0.0,1.5,123
466,1.9416666666666667,0.0,0.0,0.8683250546455383,0.0,-0.0,0.0,1.5,123
467,1.9458333333333333,0.0,0.0,0.8683250546455383,0.0,-0.0,0.0,1.5,123
468,1.95,0.0,0.0,0.8683250546455383,0.0,-0.0,0.0,1.5,123
469,1.9541666666666666,0.0,0.0,0.8683250546455383,0.0,-0.0,0.0,1.5,123
470,1.9583333333333333,0.0,0.0,0.8683250546455383,0.0,-0.0,0.0,1.5,123
471,1.9625,0.0,0.0,0.8683250546455383,0.0,-0.0,0.0,1.5,123
472,1.9666666666666666,0.0,0.0,0.8683250546455383,0.0,-0.0,0.0,1.5,123
473,1.9708333333333334,0.0,0.0,0.8683250546455383,0.0,-0.0,0.0,1.5,123
474,1.975,0.0,0.0,0.8683250546455383,0.0,-0.0,0.0,1.5,123
475,1.9791666666666667,0.0,0.0,0.8683250546455383,0.0,-0.0,0.0,1.5,123
476,1.9833333333333334,0.0,0.0,0.8683250546455383,0.0,-0.0,0.0,1.5,123
477,1.9875,0.0,0.0,0.8683250546455383,0.0,-0.0,0.0,1.5,123
478,1.9916666666666667,0.0,0.0,0.8683250546455383,0.0,-0.0,0.0,1.5,123
479,1.9958333333333333,0.0,0.0,0.8683250546455383,0.0,-0.0,0.0,1.5,123
480,2.0,0.0,0.0,0.8683250546455383,0.0,-0.0,0.0,1.5,123
481,2.004166666666667,0.0,0.0,0.8683250546455383,0.0,-0.0,0.0,1.5,123
482,2.0083333333333333,0.0,0.0,0.8683250546455383,0.0,-0.0,0.0,1.5,123
483,2.0125,0.0,0.0,0.8683250546455383,0.0,-0.0,0.0,1.5,123
484,2.0166666666666666,0.0,0.0,0.8683250546455383,0.0,-0.0,0.0,1.5,123
485,2.0208333333333335,0.0,0.0,0.8683250546455383,0.0,-0.0,0.0,1.5,123
486,2.025,0.0,0.0,0.8683250546455383,0.0,-0.0,0.0,1.5,123
487,2.029166666666667,0.0,0.0,0.8683250546455383,0.0,-0.0,0.0,1.5,123
488,2.033333333333333,0.0,0.0,0.8683250546455383,0.0,-0.0,0.0,1.5,123
489,2.0375,0.0,0.0,0.8683250546455383,0.0,-0.0,0.0,1.5,123
490,2.0416666666666665,0.0,0.0,0.8683250546455383,0.0,-0.0,0.0,1.5,123
491,2.0458333333333334,0.0,0.0,0.8683250546455383,0.0,-0.0,0.0,1.5,123
492,2.05,0.0,0.0,0.8683250546455383,0.0,-0.0,0.0,1.5,123
493,2.0541666666666667,0.0,0.0,0.8683250546455383,0.0,-0.0,0.0,1.5,123
494,2.058333333333333,0.0,0.0,0.8683250546455383,0.0,-0.0,0.0,1.5,123
495,2.0625,0.0,0.0,0.8683250546455383,0.0,-0.0,0.0,1.5,123
496,2.066666666666667,0.0,0.0,0.8683250546455383,0.0,-0.0,0.0,1.5,123
497,2.0708333333333333,0.0,0.0,0.8683250546455383,0.0,-0.0,0.0,1.5,123
498,2.075,0.0,0.0,0.8683250546455383,0.0,-0.0,0.0,1.5,123
499,2.0791666666666666,0.0,0.0,0.8683250546455383,0.0,-0.0,0.0,1.5,123
500,2.0833333333333335,0.0,0.0,0.8683250546455383,0.0,-0.0,0.0,1.5,123
501,2.0875,0.0,0.0,0.8683250546455383,0.0,-0.0,0.0,1.5,123
502,2.091666666666667,0.0,0.0,0.8683250546455383,0.0,-0.0,0.0,1.5,123
503,2.095833333333333,0.0,0.0,0.8683250546455383,0.0,-0.0,0.0,1.5,123
504,2.1,0.0,0.0,0.8683250546455383,0.0,-0.0,0.0,1.5,123
505,2.1041666666666665,0.0,0.0,0.8683250546455383,0.0,-0.0,0.0,1.5,123
506,2.1083333333333334,0.0,0.0,0.8683250546455383,0.0,-0.0,0.0,1.5,123
507,2.1125,0.0,0.0,0.8683250546455383,0.0,-0.0,0.0,1.5,123
508,2.1166666666666667,0.0,0.0,0.8683250546455383,0.0,-0.0,0.0,1.5,123
509,2.120833333333333,0.0,0.0,0.8683250546455383,0.0,-0.0,0.0,1.5,123
510,2.125,0.0,0.0,0.8683250546455383,0.0,-0.0,0.0,1.5,123
511,2.129166666666667,0.0,0.0,0.8683250546455383,0.0,-0.0,0.0,1.5,123
512,2.1333333333333333,0.0,0.0,0.8683250546455383,0.0,-0.0,0.0,1.5,123
513,2.1375,0.0,0.0,0.8683250546455383,0.0,-0.0,0.0,1.5,123
514,2.1416666666666666,0.0,0.0,0.8683250546455383,0.0,-0.0,0.0,1.5,123
515,2.1458333333333335,0.0,0.0,0.8683250546455383,0.0,-0.0,0.0,1.5,123
516,2.15,0.0,0.0,0.8683250546455383,0.0,-0.0,0.0,1.5,123
517,2.154166666666667,0.0,0.0,0.8683250546455383,0.0,-0.0,0.0,1.5,123
518,2.158333333333333,0.0,0.0,0.8683250546455383,0.0,-0.0,0.0,1.5,123
519,2.1625,0.0,0.0,0.8683250546455383,0.0,-0.0,0.0,1.5,123
520,2.1666666666666665,0.0,0.0,0.8683250546455383,0.0,-0.0,0.0,1.5,123
521,2.1708333333333334,0.0,0.0,0.8683250546455383,0.0,-0.0,0.0,1.5,123
522,2.175,0.0,0.0,0.8683250546455383,0.0,-0.0,0.0,1.5,123
523,2.1791666666666667,0.0,0.0,0.8683250546455383,0.0,-0.0,0.0,1.5,123
524,2.183333333333333,0.0,0.0,0.8683250546455383,0.0,-0.0,0.0,1.5,123
525,2.1875,0.0,0.0,0.8683250546455383,0.0,-0.0,0.0,1.5,123
526,2.191666666666667,0.0,0.0,0.8683250546455383,0.0,-0.0,0.0,1.5,123
527,2.1958333333333333,0.0,0.0,0.8683250546455383,0.0,-0.0,0.0,1.5,123
528,2.2,0.0,0.0,0.8683250546455383,0.0,-0.0,0.0,1.5,123
529,2.2041666666666666,0.0,0.0,0.8683250546455383,0.0,-0.0,0.0,1.5,123
530,2.2083333333333335,0.0,0.0,0.8683250546455383,0.0,-0.0,0.0,1.5,123
531,2.2125,0.0,0.0,0.8683250546455383,0.0,-0.0,0.0,1.5,123
532,2.216666666666667,0.0,0.0,0.8683250546455383,0.0,-0.0,0.0,1.5,123
533,2.220833333333333,0.0,0.0,0.8683250546455383,0.0,-0.0,0.0,1.5,123
534,2.225,0.0,0.0,0.8683250546455383,0.0,-0.0,0.0,1.5,123
535,2.2291666666666665,0.0,0.0,0.8683250546455383,0.0,-0.0,0.0,1.5,123
536,2.2333333333333334,0.0,0.0,0.8683250546455383,0.0,-0.0,0.0,1.5,123
537,2.2375,0.0,0.0,0.8683250546455383,0.0,-0.0,0.0,1.5,123
538,2.2416666666666667,0.0,0.0,0.8683250546455383,0.0,-0.0,0.0,1.5,123
539,2.245833333333333,0.0,0.0,0.8683250546455383,0.0,-0.0,0.0,1.5,123
540,2.25,0.0,0.0,0.8683250546455383,0.0,-0.0,0.0,1.5,123
541,2.254166666666667,0.0,0.0,0.8683250546455383,0.0,-0.0,0.0,1.5,123
542,2.2583333333333333,0.0,0.0,0.8683250546455383,0.0,-0.0,0.0,1.5,123
543,2.2625,0.0,0.0,0.8683250546455383,0.0,-0.0,0.0,1.5,123
544,2.2666666666666666,0.0,0.0,0.8683250546455383,0.0,-0.0,0.0,1.5,123
545,2.2708333333333335,0.0,0.0,0.8683250546455383,0.0,-0.0,0.0,1.5,123
546,2.275,0.0,0.0,0.8683250546455383,0.0,-0.0,0.0,1.5,123
547,2.279166666666667,0.0,0.0,0.8683250546455383,0.0,-0.0,0.0,1.5,123
548,2.283333333333333,0.0,0.0,0.8683250546455383,0.0,-0.0,0.0,1.5,123
549,2.2875,0.0,0.0,0.8683250546455383,0.0,-0.0,0.0,1.5,123
550,2.2916666666666665,0.0,0.0,0.8683250546455383,0.0,-0.0,0.0,1.5,123
551,2.2958333333333334,0.0,0.0,0.8683250546455383,0.0,-0.0,0.0,1.5,123
552,2.3,0.0,0.0,0.8683250546455383,0.0,-0.0,0.0,1.5,123
553,2.3041666666666667,0.0,0.0,0.8683250546455383,0.0,-0.0,0.0,1.5,123
554,2.308333333333333,0.0,0.0,0.8683250546455383,0.0,-0.0,0.0,1.5,123
555,2.3125,0.0,0.0,0.8683250546455383,0.0,-0.0,0.0,1.5,123
556,2.316666666666667,0.0,0.0,0.8683250546455383,0.0,-0.0,0.0,1.5,123
557,2.3208333333333333,0.0,0.0,0.8683250546455383,0.0,-0.0,0.0,1.5,123
558,2.325,0.0,0.0,0.8683250546455383,0.0,-0.0,0.0,1.5,123
559,2.3291666666666666,0.0,0.0,0.8683250546455383,0.0,-0.0,0.0,1.5,123
560,2.3333333333333335,0.0,0.0,0.8683250546455383,0.0,-0.0,0.0,1.5,123
561,2.3375,0.0,0.0,0.8683250546455383,0.0,-0.0,0.0,1.5,123
562,2.341666666666667,0.0,0.0,0.8683250546455383,0.0,-0.0,0.0,1.5,123
563,2.345833333333333,0.0,0.0,0.8683250546455383,0.0,-0.0,0.0,1.5,123
564,2.35,0.0,0.0,0.8683250546455383,0.0,-0.0,0.0,1.5,123
565,2.3541666666666665,0.0,0.0,0.8683250546455383,0.0,-0.0,0.0,1.5,123
566,2.3583333333333334,0.0,0.0,0.8683250546455383,0.0,-0.0,0.0,1.5,123
567,2.3625,0.0,0.0,0.8683250546455383,0.0,-0.0,0.0,1.5,123
568,2.3666666666666667,0.0,0.0,0.8683250546455383,0.0,-0.0,0.0,1.5,123
569,2.370833333333333,0.0,0.0,0.8683250546455383,0.0,-0.0,0.0,1.5,123
570,2.375,0.0,0.0,0.8683250546455383,0.0,-0.0,0.0,1.5,123
571,2.379166666666667,0.0,0.0,0.8683250546455383,0.0,-0.0,0.0,1.5,123
572,2.3833333333333333,0.0,0.0,0.8683250546455383,0.0,-0.0,0.0,1.5,123
573,2.3875,0.0,0.0,0.8683250546455383,0.0,-0.0,0.0,1.5,123
574,2.3916666666666666,0.0,0.0,0.8683250546455383,0.0,-0.0,0.0,1.5,123
575,2.3958333333333335,0.0,0.0,0.8683250546455383,0.0,-0.0,0.0,1.5,123
576,2.4,0.0,0.0,0.8683250546455383,0.0,-0.0,0.0,1.5,123
577,2.404166666666667,0.0,0.0,0.8683250546455383,0.0,-0.0,0.0,1.5,123
578,2.408333333333333,0.0,0.0,0.8683250546455383,0.0,-0.0,0.0,1.5,123
579,2.4125,0.0,0.0,0.8683250546455383,0.0,-0.0,0.0,1.5,123
580,2.4166666666666665,0.0,0.0,0.8683250546455383,0.0,-0.0,0.0,1.5,123
581,2.4208333333333334,0.0,0.0,0.8683250546455383,0.0,-0.0,0.0,1.5,123
582,2.425,0.0,0.0,0.8683250546455383,0.0,-0.0,0.0,1.5,123
583,2.4291666666666667,0.0,0.0,0.8683250546455383,0.0,-0.0,0.0,1.5,123
584,2.433333333333333,0.0,0.0,0.8683250546455383,0.0,-0.0,0.0,1.5,123
585,2.4375,0.0,0.0,0.8683250546455383,0.0,-0.0,0.0,1.5,123
586,2.441666666666667,0.0,0.0,0.8683250546455383,0.0,-0.0,0.0,1.5,123
587,2.4458333333333333,0.0,0.0,0.8683250546455383,0.0,-0.0,0.0,1.5,123
588,2.45,0.0,0.0,0.8683250546455383,0.0,-0.0,0.0,1.5,123
589,2.4541666666666666,0.0,0.0,0.8683250546455383,0.0,-0.0,0.0,1.5,123
590,2.4583333333333335,0.0,0.0,0.8683250546455383,0.0,-0.0,0.0,1.5,123
591,2.4625,0.0,0.0,0.8683250546455383,0.0,-0.0,0.0,1.5,123
592,2.466666666666667,0.0,0.0,0.8683250546455383,0.0,-0.0,0.0,1.5,123
593,2.470833333333333,0.0,0.0,0.8683250546455383,0.0,-0.0,0.0,1.5,123
594,2.475,0.0,0.0,0.8683250546455383,0.0,-0.0,0.0,1.5,123
595,2.4791666666666665,0.0,0.0,0.8683250546455383,0.0,-0.0,0.0,1.5,123
596,2.4833333333333334,0.0,0.0,0.8683250546455383,0.0,-0.0,0.0,1.5,123
597,2.4875,0.0,0.0,0.8683250546455383,0.0,-0.0,0.0,1.5,123
598,2.4916666666666667,0.0,0.0,0.8683250546455383,0.0,-0.0,0.0,1.5,123
599,2.495833333333333,0.0,0.0,0.8683250546455383,0.0,-0.0,0.0,1.5,123
600,2.5,0.0,0.0,0.8683250546455383,0.0,-0.0,0.0,1.5,123
601,2.504166666666667,0.0,0.0,0.8683250546455383,0.0,-0.0,0.0,1.5,123
602,2.5083333333333333,0.0,0.0,0.8683250546455383,0.0,-0.0,0.0,1.5,123
603,2.5125,0.0,0.0,0.8683250546455383,0.0,-0.0,0.0,1.5,123
604,2.5166666666666666,0.0,0.0,0.8683250546455383,0.0,-0.0,0.0,1.5,123
605,2.5208333333333335,0.0,0.0,0.8683250546455383,0.0,-0.0,0.0,1.5,123
606,2.525,0.0,0.0,0.8683250546455383,0.0,-0.0,0.0,1.5,123
607,2.529166666666667,0.0,0.0,0.8683250546455383,0.0,-0.0,0.0,1.5,123
608,2.533333333333333,0.0,0.0,0.8683250546455383,0.0,-0.0,0.0,1.5,123
609,2.5375,0.0,0.0,0.8683250546455383,0.0,-0.0,0.0,1.5,123
610,2.5416666666666665,0.0,0.0,0.8683250546455383,0.0,-0.0,0.0,1.5,123
611,2.5458333333333334,0.0,0.0,0.8683250546455383,0.0,-0.0,0.0,1.5,123
612,2.55,0.0,0.0,0.8683250546455383,0.0,-0.0,0.0,1.5,123
613,2.5541666666666667,0.0,0.0,0.8683250546455383,0.0,-0.0,0.0,1.5,123
614,2.558333333333333,0.0,0.0,0.8683250546455383,0.0,-0.0,0.0,1.5,123
615,2.5625,0.0,0.0,0.8683250546455383,0.0,-0.0,0.0,1.5,123
616,2.566666666666667,0.0,0.0,0.8683250546455383,0.0,-0.0,0.0,1.5,123
617,2.5708333333333333,0.0,0.0,0.8683250546455383,0.0,-0.0,0.0,1.5,123
618,2.575,0.0,0.0,0.8683250546455383,0.0,-0.0,0.0,1.5,123
619,2.5791666666666666,0.0,0.0,0.8683250546455383,0.0,-0.0,0.0,1.5,123
620,2.5833333333333335,0.0,0.0,0.8683250546455383,0.0,-0.0,0.0,1.5,123
621,2.5875,0.0,0.0,0.8683250546455383,0.0,-0.0,0.0,1.5,123
622,2.591666666666667,0.0,0.0,0.8683250546455383,0.0,-0.0,0.0,1.5,123
623,2.595833333333333,0.0,0.0,0.8683250546455383,0.0,-0.0,0.0,1.5,123
624,2.6,0.0,0.0,0.8683250546455383,0.0,-0.0,0.0,1.5,123
625,2.6041666666666665,0.0,0.0,0.8683250546455383,0.0,-0.0,0.0,1.5,123
626,2.6083333333333334,0.0,0.0,0.8683250546455383,0.0,-0.0,0.0,1.5,123
627,2.6125,0.0,0.0,0.8683250546455383,0.0,-0.0,0.0,1.5,123
628,2.6166666666666667,0.0,0.0,0.8683250546455383,0.0,-0.0,0.0,1.5,123
629,2.620833333333333,0.0,0.0,0.8683250546455383,0.0,-0.0,0.0,1.5,123
630,2.625,0.0,0.0,0.8683250546455383,0.0,-0.0,0.0,1.5,123
631,2.629166666666667,0.0,0.0,0.8683250546455383,0.0,-0.0,0.0,1.5,123
632,2.6333333333333333,0.0,0.0,0.8683250546455383,0.0,-0.0,0.0,1.5,123
633,2.6375,0.0,0.0,0.8683250546455383,0.0,-0.0,0.0,1.5,123
634,2.6416666666666666,0.0,0.0,0.8683250546455383,0.0,-0.0,0.0,1.5,123
635,2.6458333333333335,0.0,0.0,0.8683250546455383,0.0,-0.0,0.0,1.5,123
636,2.65,0.0,0.0,0.8683250546455383,0.0,-0.0,0.0,1.5,123
637,2.654166666666667,0.0,0.0,0.8683250546455383,0.0,-0.0,0.0,1.5,123
638,2.658333333333333,0.0,0.0,0.8683250546455383,0.0,-0.0,0.0,1.5,123
639,2.6625,0.0,0.0,0.8683250546455383,0.0,-0.0,0.0,1.5,123
640,2.6666666666666665,0.0,0.0,0.8683250546455383,0.0,-0.0,0.0,1.5,123
641,2.6708333333333334,0.0,0.0,0.8683250546455383,0.0,-0.0,0.0,1.5,123
642,2.675,0.0,0.0,0.8683250546455383,0.0,-0.0,0.0,1.5,123
643,2.6791666666666667,0.0,0.0,0.8683250546455383,0.0,-0.0,0.0,1.5,123
644,2.683333333333333,0.0,0.0,0.8683250546455383,0.0,-0.0,0.0,1.5,123
645,2.6875,0.0,0.0,0.8683250546455383,0.0,-0.0,0.0,1.5,123
646,2.691666666666667,0.0,0.0,0.8683250546455383,0.0,-0.0,0.0,1.5,123
647,2.6958333333333333,0.0,0.0,0.8683250546455383,0.0,-0.0,0.0,1.5,123
648,2.7,0.0,0.0,0.8683250546455383,0.0,-0.0,0.0,1.5,123
649,2.7041666666666666,0.0,0.0,0.8683250546455383,0.0,-0.0,0.0,1.5,123
650,2.7083333333333335,0.0,0.0,0.8683250546455383,0.0,-0.0,0.0,1.5,123
651,2.7125,0.0,0.0,0.8683250546455383,0.0,-0.0,0.0,1.5,123
652,2.716666666666667,0.0,0.0,0.8683250546455383,0.0,-0.0,0.0,1.5,123
653,2.720833333333333,0.0,0.0,0.8683250546455383,0.0,-0.0,0.0,1.5,123
654,2.725,0.0,0.0,0.8683250546455383,0.0,-0.0,0.0,1.5,123
655,2.7291666666666665,0.0,0.0,0.8683250546455383,0.0,-0.0,0.0,1.5,123
656,2.7333333333333334,0.0,0.0,0.8683250546455383,0.0,-0.0,0.0,1.5,123
657,2.7375,0.0,0.0,0.8683250546455383,0.0,-0.0,0.0,1.5,123
658,2.7416666666666667,0.0,0.0,0.8683250546455383,0.0,-0.0,0.0,1.5,123
659,2.745833333333333,0.0,0.0,0.8683250546455383,0.0,-0.0,0.0,1.5,123
660,2.75,0.0,0.0,0.8683250546455383,0.0,-0.0,0.0,1.5,123
661,2.754166666666667,0.0,0.0,0.8683250546455383,0.0,-0.0,0.0,1.5,123
662,2.7583333333333333,0.0,0.0,0.8683250546455383,0.0,-0.0,0.0,1.5,123
663,2.7625,0.0,0.0,0.8683250546455383,0.0,-0.0,0.0,1.5,123
664,2.7666666666666666,0.0,0.0,0.8683250546455383,0.0,-0.0,0.0,1.5,123
665,2.7708333333333335,0.0,0.0,0.8683250546455383,0.0,-0.0,0.0,1.5,123
666,2.775,0.0,0.0,0.8683250546455383,0.0,-0.0,0.0,1.5,123
667,2.779166666666667,0.0,0.0,0.8683250546455383,0.0,-0.0,0.0,1.5,123
668,2.783333333333333,0.0,0.0,0.8683250546455383,0.0,-0.0,0.0,1.5,123
669,2.7875,0.0,0.0,0.8683250546455383,0.0,-0.0,0.0,1.5,123
670,2.7916666666666665,0.0,0.0,0.8683250546455383,0.0,-0.0,0.0,1.5,123
671,2.7958333333333334,0.0,0.0,0.8683250546455383,0.0,-0.0,0.0,1.5,123
672,2.8,0.0,0.0,0.8683250546455383,0.0,-0.0,0.0,1.5,123
673,2.8041666666666667,0.0,0.0,0.8683250546455383,0.0,-0.0,0.0,1.5,123
674,2.808333333333333,0.0,0.0,0.8683250546455383,0.0,-0.0,0.0,1.5,123
675,2.8125,0.0,0.0,0.8683250546455383,0.0,-0.0,0.0,1.5,123
676,2.816666666666667,0.0,0.0,0.8683250546455383,0.0,-0.0,0.0,1.5,123
677,2.8208333333333333,0.0,0.0,0.8683250546455383,0.0,-0.0,0.0,1.5,123
678,2.825,0.0,0.0,0.8683250546455383,0.0,-0.0,0.0,1.5,123
679,2.8291666666666666,0.0,0.0,0.8683250546455383,0.0,-0.0,0.0,1.5,123
680,2.8333333333333335,0.0,0.0,0.8683250546455383,0.0,-0.0,0.0,1.5,123
681,2.8375,0.0,0.0,0.8683250546455383,0.0,-0.0,0.0,1.5,123
682,2.841666666666667,0.0,0.0,0.8683250546455383,0.0,-0.0,0.0,1.5,123
683,2.845833333333333,0.0,0.0,0.8683250546455383,0.0,-0.0,0.0,1.5,123
684,2.85,0.0,0.0,0.8683250546455383,0.0,-0.0,0.0,1.5,123
685,2.8541666666666665,0.0,0.0,0.8683250546455383,0.0,-0.0,0.0,1.5,123
686,2.8583333333333334,0.0,0.0,0.8683250546455383,0.0,-0.0,0.0,1.5,123
687,2.8625,0.0,0.0,0.8683250546455383,0.0,-0.0,0.0,1.5,123
688,2.8666666666666667,0.0,0.0,0.8683250546455383,0.0,-0.0,0.0,1.5,123
689,2.870833333333333,0.0,0.0,0.8683250546455383,0.0,-0.0,0.0,1.5,123
690,2.875,0.0,0.0,0.8683250546455383,0.0,-0.0,0.0,1.5,123
691,2.879166666666667,0.0,0.0,0.8683250546455383,0.0,-0.0,0.0,1.5,123
692,2.8833333333333333,0.0,0.0,0.8683250546455383,0.0,-0.0,0.0,1.5,123
693,2.8875,0.0,0.0,0.8683250546455383,0.0,-0.0,0.0,1.5,123
694,2.8916666666666666,0.0,0.0,0.8683250546455383,0.0,-0.0,0.0,1.5,123
695,2.8958333333333335,0.0,0.0,0.8683250546455383,0.0,-0.0,0.0,1.5,123
696,2.9,0.0,0.0,0.8683250546455383,0.0,-0.0,0.0,1.5,123
697,2.904166666666667,0.0,0.0,0.8683250546455383,0.0,-0.0,0.0,1.5,123
698,2.908333333333333,0.0,0.0,0.8683250546455383,0.0,-0.0,0.0,1.5,123
699,2.9125,0.0,0.0,0.8683250546455383,0.0,-0.0,0.0,1.5,123
700,2.9166666666666665,0.0,0.0,0.8683250546455383,0.0,-0.0,0.0,1.5,123
701,2.9208333333333334,0.0,0.0,0.8683250546455383,0.0,-0.0,0.0,1.5,123
702,2.925,0.0,0.0,0.8683250546455383,0.0,-0.0,0.0,1.5,123
703,2.9291666666666667,0.0,0.0,0.8683250546455383,0.0,-0.0,0.0,1.5,123
704,2.933333333333333,0.0,0.0,0.8683250546455383,0.0,-0.0,0.0,1.5,123
705,2.9375,0.0,0.0,0.8683250546455383,0.0,-0.0,0.0,1.5,123
706,2.941666666666667,0.0,0.0,0.8683250546455383,0.0,-0.0,0.0,1.5,123
707,2.9458333333333333,0.0,0.0,0.8683250546455383,0.0,-0.0,0.0,1.5,123
708,2.95,0.0,0.0,0.8683250546455383,0.0,-0.0,0.0,1.5,123
709,2.9541666666666666,0.0,0.0,0.8683250546455383,0.0,-0.0,0.0,1.5,123
710,2.9583333333333335,0.0,0.0,0.8683250546455383,0.0,-0.0,0.0,1.5,123
711,2.9625,0.0,0.0,0.8683250546455383,0.0,-0.0,0.0,1.5,123
712,2.966666666666667,0.0,0.0,0.8683250546455383,0.0,-0.0,0.0,1.5,123
713,2.970833333333333,0.0,0.0,0.8683250546455383,0.0,-0.0,0.0,1.5,123
714,2.975,0.0,0.0,0.8683250546455383,0.0,-0.0,0.0,1.5,123
715,2.9791666666666665,0.0,0.0,0.8683250546455383,0.0,-0.0,0.0,1.5,123
716,2.9833333333333334,0.0,0.0,0.8683250546455383,0.0,-0.0,0.0,1.5,123
717,2.9875,0.0,0.0,0.8683250546455383,0.0,-0.0,0.0,1.5,123
718,2.9916666666666667,0.0,0.0,0.8683250546455383,0.0,-0.0,0.0,1.5,123
719,2.995833333333333,0.0,0.0,0.8683250546455383,0.0,-0.0,0.0,1.5,123
720,3.0,0.0,0.0,0.8683250546455383,0.0,-0.0,0.0,1.5,123
721,3.004166666666667,0.0,0.0,0.8683250546455383,0.0,-0.0,0.0,1.5,123
722,3.0083333333333333,0.0,0.0,0.8683250546455383,0.0,-0.0,0.0,1.5,123
723,3.0125,0.0,0.0,0.8683250546455383,0.0,-0.0,0.0,1.5,123
724,3.0166666666666666,0.0,0.0,0.8683250546455383,0.0,-0.0,0.0,1.5,123
725,3.0208333333333335,0.0,0.0,0.8683250546455383,0.0,-0.0,0.0,1.5,123
726,3.025,0.0,0.0,0.8683250546455383,0.0,-0.0,0.0,1.5,123
727,3.029166666666667,0.0,0.0,0.8683250546455383,0.0,-0.0,0.0,1.5,123
728,3.033333333333333,0.0,0.0,0.8683250546455383,0.0,-0.0,0.0,1.5,123
729,3.0375,0.0,0.0,0.8683250546455383,0.0,-0.0,0.0,1.5,123
730,3.0416666666666665,0.0,0.0,0.8683250546455383,0.0,-0.0,0.0,1.5,123
731,3.0458333333333334,0.0,0.0,0.8683250546455383,0.0,-0.0,0.0,1.5,123
732,3.05,0.0,0.0,0.8683250546455383,0.0,-0.0,0.0,1.5,123
733,3.0541666666666667,0.0,0.0,0.8683250546455383,0.0,-0.0,0.0,1.5,123
734,3.058333333333333,0.0,0.0,0.8683250546455383,0.0,-0.0,0.0,1.5,123
735,3.0625,0.0,0.0,0.8683250546455383,0.0,-0.0,0.0,1.5,123
736,3.066666666666667,0.0,0.0,0.8683250546455383,0.0,-0.0,0.0,1.5,123
737,3.0708333333333333,0.0,0.0,0.8683250546455383,0.0,-0.0,0.0,1.5,123
738,3.075,0.0,0.0,0.8683250546455383,0.0,-0.0,0.0,1.5,123
739,3.0791666666666666,0.0,0.0,0.8683250546455383,0.0,-0.0,0.0,1.5,123
740,3.0833333333333335,0.0,0.0,0.8683250546455383,0.0,-0.0,0.0,1.5,123
741,3.0875,0.0,0.0,0.8683250546455383,0.0,-0.0,0.0,1.5,123
742,3.091666666666667,0.0,0.0,0.8683250546455383,0.0,-0.0,0.0,1.5,123
743,3.095833333333333,0.0,0.0,0.8683250546455383,0.0,-0.0,0.0,1.5,123
744,3.1,0.0,0.0,0.8683250546455383,0.0,-0.0,0.0,1.5,123
745,3.1041666666666665,0.0,0.0,0.8683250546455383,0.0,-0.0,0.0,1.5,123
746,3.1083333333333334,0.0,0.0,0.8683250546455383,0.0,-0.0,0.0,1.5,123
747,3.1125,0.0,0.0,0.8683250546455383,0.0,-0.0,0.0,1.5,123
748,3.1166666666666667,0.0,0.0,0.8683250546455383,0.0,-0.0,0.0,1.5,123
749,3.120833333333333,0.0,0.0,0.8683250546455383,0.0,-0.0,0.0,1.5,123
750,3.125,0.0,0.0,0.8683250546455383,0.0,-0.0,0.0,1.5,123
751,3.129166666666667,0.0,0.0,0.8683250546455383,0.0,-0.0,0.0,1.5,123
752,3.1333333333333333,0.0,0.0,0.8683250546455383,0.0,-0.0,0.0,1.5,123
753,3.1375,0.0,0.0,0.8683250546455383,0.0,-0.0,0.0,1.5,123
754,3.1416666666666666,0.0,0.0,0.8683250546455383,0.0,-0.0,0.0,1.5,123
755,3.1458333333333335,0.0,0.0,0.8683250546455383,0.0,-0.0,0.0,1.5,123
756,3.15,0.0,0.0,0.8683250546455383,0.0,-0.0,0.0,1.5,123
757,3.154166666666667,0.0,0.0,0.8683250546455383,0.0,-0.0,0.0,1.5,123
758,3.158333333333333,0.0,0.0,0.8683250546455383,0.0,-0.0,0.0,1.5,123
759,3.1625,0.0,0.0,0.8683250546455383,0.0,-0.0,0.0,1.5,123
760,3.1666666666666665,0.0,0.0,0.8683250546455383,0.0,-0.0,0.0,1.5,123
761,3.1708333333333334,0.0,0.0,0.8683250546455383,0.0,-0.0,0.0,1.5,123
762,3.175,0.0,0.0,0.8683250546455383,0.0,-0.0,0.0,1.5,123
763,3.1791666666666667,0.0,0.0,0.8683250546455383,0.0,-0.0,0.0,1.5,123
764,3.183333333333333,0.0,0.0,0.8683250546455383,0.0,-0.0,0.0,1.5,123
765,3.1875,0.0,0.0,0.8683250546455383,0.0,-0.0,0.0,1.5,123
766,3.191666666666667,0.0,0.0,0.8683250546455383,0.0,-0.0,0.0,1.5,123
767,3.1958333333333333,0.0,0.0,0.8683250546455383,0.0,-0.0,0.0,1.5,123
768,3.2,0.0,0.0,0.8683250546455383,0.0,-0.0,0.0,1.5,123
769,3.2041666666666666,0.0,0.0,0.8683250546455383,0.0,-0.0,0.0,1.5,123
770,3.2083333333333335,0.0,0.0,0.8683250546455383,0.0,-0.0,0.0,1.5,123
771,3.2125,0.0,0.0,0.8683250546455383,0.0,-0.0,0.0,1.5,123
772,3.216666666666667,0.0,0.0,0.8683250546455383,0.0,-0.0,0.0,1.5,123
773,3.220833333333333,0.0,0.0,0.8683250546455383,0.0,-0.0,0.0,1.5,123
774,3.225,0.0,0.0,0.8683250546455383,0.0,-0.0,0.0,1.5,123
775,3.2291666666666665,0.0,0.0,0.8683250546455383,0.0,-0.0,0.0,1.5,123
776,3.2333333333333334,0.0,0.0,0.8683250546455383,0.0,-0.0,0.0,1.5,123
777,3.2375,0.0,0.0,0.8683250546455383,0.0,-0.0,0.0,1.5,123
778,3.2416666666666667,0.0,0.0,0.8683250546455383,0.0,-0.0,0.0,1.5,123
779,3.245833333333333,0.0,0.0,0.8683250546455383,0.0,-0.0,0.0,1.5,123
780,3.25,0.0,0.0,0.8683250546455383,0.0,-0.0,0.0,1.5,123
781,3.254166666666667,0.0,0.0,0.8683250546455383,0.0,-0.0,0.0,1.5,123
782,3.2583333333333333,0.0,0.0,0.8683250546455383,0.0,-0.0,0.0,1.5,123
783,3.2625,0.0,0.0,0.8683250546455383,0.0,-0.0,0.0,1.5,123
784,3.2666666666666666,0.0,0.0,0.8683250546455383,0.0,-0.0,0.0,1.5,123
785,3.2708333333333335,0.0,0.0,0.8683250546455383,0.0,-0.0,0.0,1.5,123
786,3.275,0.0,0.0,0.8683250546455383,0.0,-0.0,0.0,1.5,123
787,3.279166666666667,0.0,0.0,0.8683250546455383,0.0,-0.0,0.0,1.5,123
788,3.283333333333333,0.0,0.0,0.8683250546455383,0.0,-0.0,0.0,1.5,123
789,3.2875,0.0,0.0,0.8683250546455383,0.0,-0.0,0.0,1.5,123
790,3.2916666666666665,0.0,0.0,0.8683250546455383,0.0,-0.0,0.0,1.5,123
791,3.2958333333333334,0.0,0.0,0.8683250546455383,0.0,-0.0,0.0,1.5,123
792,3.3,0.0,0.0,0.8683250546455383,0.0,-0.0,0.0,1.5,123
793,3.3041666666666667,0.0,0.0,0.8683250546455383,0.0,-0.0,0.0,1.5,123
794,3.308333333333333,0.0,0.0,0.8683250546455383,0.0,-0.0,0.0,1.5,123
795,3.3125,0.0,0.0,0.8683250546455383,0.0,-0.0,0.0,1.5,123
796,3.316666666666667,0.0,0.0,0.8683250546455383,0.0,-0.0,0.0,1.5,123
797,3.3208333333333333,0.0,0.0,0.8683250546455383,0.0,-0.0,0.0,1.5,123
798,3.325,0.0,0.0,0.8683250546455383,0.0,-0.0,0.0,1.5,123
799,3.3291666666666666,0.0,0.0,0.8683250546455383,0.0,-0.0,0.0,1.5,123
800,3.3333333333333335,0.0,0.0,0.8683250546455383,0.0,-0.0,0.0,1.5,123
801,3.3375,0.0,0.0,0.8683250546455383,0.0,-0.0,0.0,1.5,123
802,3.341666666666667,0.0,0.0,0.8683250546455383,0.0,-0.0,0.0,1.5,123
803,3.345833333333333,0.0,0.0,0.8683250546455383,0.0,-0.0,0.0,1.5,123
804,3.35,0.0,0.0,0.8683250546455383,0.0,-0.0,0.0,1.5,123
805,3.3541666666666665,0.0,0.0,0.8683250546455383,0.0,-0.0,0.0,1.5,123
806,3.3583333333333334,0.0,0.0,0.8683250546455383,0.0,-0.0,0.0,1.5,123
807,3.3625,0.0,0.0,0.8683250546455383,0.0,-0.0,0.0,1.5,123
808,3.3666666666666667,0.0,0.0,0.8683250546455383,0.0,-0.0,0.0,1.5,123
809,3.370833333333333,0.0,0.0,0.8683250546455383,0.0,-0.0,0.0,1.5,123
810,3.375,0.0,0.0,0.8683250546455383,0.0,-0.0,0.0,1.5,123
811,3.379166666666667,0.0,0.0,0.8683250546455383,0.0,-0.0,0.0,1.5,123
812,3.3833333333333333,0.0,0.0,0.8683250546455383,0.0,-0.0,0.0,1.5,123
813,3.3875,0.0,0.0,0.8683250546455383,0.0,-0.0,0.0,1.5,123
814,3.3916666666666666,0.0,0.0,0.8683250546455383,0.0,-0.0,0.0,1.5,123
815,3.3958333333333335,0.0,0.0,0.8683250546455383,0.0,-0.0,0.0,1.5,123
816,3.4,0.0,0.0,0.8683250546455383,0.0,-0.0,0.0,1.5,123
817,3.404166666666667,0.0,0.0,0.8683250546455383,0.0,-0.0,0.0,1.5,123
818,3.408333333333333,0.0,0.0,0.8683250546455383,0.0,-0.0,0.0,1.5,123
819,3.4125,0.0,0.0,0.8683250546455383,0.0,-0.0,0.0,1.5,123
820,3.4166666666666665,0.0,0.0,0.8683250546455383,0.0,-0.0,0.0,1.5,123
821,3.4208333333333334,0.0,0.0,0.8683250546455383,0.0,-0.0,0.0,1.5,123
822,3.425,0.0,0.0,0.8683250546455383,0.0,-0.0,0.0,1.5,123
823,3.4291666666666667,0.0,0.0,0.8683250546455383,0.0,-0.0,0.0,1.5,123
824,3.433333333333333,0.0,0.0,0.8683250546455383,0.0,-0.0,0.0,1.5,123
825,3.4375,0.0,0.0,0.8683250546455383,0.0,-0.0,0.0,1.5,123
826,3.441666666666667,0.0,0.0,0.8683250546455383,0.0,-0.0,0.0,1.5,123
827,3.4458333333333333,0.0,0.0,0.8683250546455383,0.0,-0.0,0.0,1.5,123
828,3.45,0.0,0.0,0.8683250546455383,0.0,-0.0,0.0,1.5,123
829,3.4541666666666666,0.0,0.0,0.8683250546455383,0.0,-0.0,0.0,1.5,123
830,3.4583333333333335,0.0,0.0,0.8683250546455383,0.0,-0.0,0.0,1.5,123
831,3.4625,0.0,0.0,0.8683250546455383,0.0,-0.0,0.0,1.5,123
832,3.466666666666667,0.0,0.0,0.8683250546455383,0.0,-0.0,0.0,1.5,123
833,3.470833333333333,0.0,0.0,0.8683250546455383,0.0,-0.0,0.0,1.5,123
834,3.475,0.0,0.0,0.8683250546455383,0.0,-0.0,0.0,1.5,123
835,3.4791666666666665,0.0,0.0,0.8683250546455383,0.0,-0.0,0.0,1.5,123
836,3.4833333333333334,0.0,0.0,0.8683250546455383,0.0,-0.0,0.0,1.5,123
837,3.4875,0.0,0.0,0.8683250546455383,0.0,-0.0,0.0,1.5,123
838,3.4916666666666667,0.0,0.0,0.8683250546455383,0.0,-0.0,0.0,1.5,123
839,3.495833333333333,0.0,0.0,0.8683250546455383,0.0,-0.0,0.0,1.5,123
840,3.5,0.0,0.0,0.8683250546455383,0.0,-0.0,0.0,1.5,123
841,3.504166666666667,0.0,0.0,0.8683250546455383,0.0,-0.0,0.0,1.5,123
842,3.5083333333333333,0.0,0.0,0.8683250546455383,0.0,-0.0,0.0,1.5,123
843,3.5125,0.0,0.0,0.8683250546455383,0.0,-0.0,0.0,1.5,123
844,3.5166666666666666,0.0,0.0,0.8683250546455383,0.0,-0.0,0.0,1.5,123
845,3.5208333333333335,0.0,0.0,0.8683250546455383,0.0,-0.0,0.0,1.5,123
846,3.525,0.0,0.0,0.8683250546455383,0.0,-0.0,0.0,1.5,123
847,3.529166666666667,0.0,0.0,0.8683250546455383,0.0,-0.0,0.0,1.5,123
848,3.533333333333333,0.0,0.0,0.8683250546455383,0.0,-0.0,0.0,1.5,123
849,3.5375,0.0,0.0,0.8683250546455383,0.0,-0.0,0.0,1.5,123
850,3.5416666666666665,0.0,0.0,0.8683250546455383,0.0,-0.0,0.0,1.5,123
851,3.5458333333333334,0.0,0.0,0.8683250546455383,0.0,-0.0,0.0,1.5,123
852,3.55,0.0,0.0,0.8683250546455383,0.0,-0.0,0.0,1.5,123
853,3.5541666666666667,0.0,0.0,0.8683250546455383,0.0,-0.0,0.0,1.5,123
854,3.558333333333333,0.0,0.0,0.8683250546455383,0.0,-0.0,0.0,1.5,123
855,3.5625,0.0,0.0,0.8683250546455383,0.0,-0.0,0.0,1.5,123
856,3.566666666666667,0.0,0.0,0.8683250546455383,0.0,-0.0,0.0,1.5,123
857,3.5708333333333333,0.0,0.0,0.8683250546455383,0.0,-0.0,0.0,1.5,123
858,3.575,0.0,0.0,0.8683250546455383,0.0,-0.0,0.0,1.5,123
859,3.5791666666666666,0.0,0.0,0.8683250546455383,0.0,-0.0,0.0,1.5,123
860,3.5833333333333335,0.0,0.0,0.8683250546455383,0.0,-0.0,0.0,1.5,123
861,3.5875,0.0,0.0,0.8683250546455383,0.0,-0.0,0.0,1.5,123
862,3.591666666666667,0.0,0.0,0.8683250546455383,0.0,-0.0,0.0,1.5,123
863,3.595833333333333,0.0,0.0,0.8683250546455383,0.0,-0.0,0.0,1.5,123
864,3.6,0.0,0.0,0.8683250546455383,0.0,-0.0,0.0,1.5,123
865,3.6041666666666665,0.0,0.0,0.8683250546455383,0.0,-0.0,0.0,1.5,123
866,3.6083333333333334,0.0,0.0,0.8683250546455383,0.0,-0.0,0.0,1.5,123
867,3.6125,0.0,0.0,0.8683250546455383,0.0,-0.0,0.0,1.5,123
868,3.6166666666666667,0.0,0.0,0.8683250546455383,0.0,-0.0,0.0,1.5,123
869,3.620833333333333,0.0,0.0,0.8683250546455383,0.0,-0.0,0.0,1.5,123
870,3.625,0.0,0.0,0.8683250546455383,0.0,-0.0,0.0,1.5,123
871,3.629166666666667,0.0,0.0,0.8683250546455383,0.0,-0.0,0.0,1.5,123
872,3.6333333333333333,0.0,0.0,0.8683250546455383,0.0,-0.0,0.0,1.5,123
873,3.6375,0.0,0.0,0.8683250546455383,0.0,-0.0,0.0,1.5,123
874,3.6416666666666666,0.0,0.0,0.8683250546455383,0.0,-0.0,0.0,1.5,123
875,3.6458333333333335,0.0,0.0,0.8683250546455383,0.0,-0.0,0.0,1.5,123
876,3.65,0.0,0.0,0.8683250546455383,0.0,-0.0,0.0,1.5,123
877,3.654166666666667,0.0,0.0,0.8683250546455383,0.0,-0.0,0.0,1.5,123
878,3.658333333333333,0.0,0.0,0.8683250546455383,0.0,-0.0,0.0,1.5,123
879,3.6625,0.0,0.0,0.8683250546455383,0.0,-0.0,0.0,1.5,123
880,3.6666666666666665,0.0,0.0,0.8683250546455383,0.0,-0.0,0.0,1.5,123
881,3.6708333333333334,0.0,0.0,0.8683250546455383,0.0,-0.0,0.0,1.5,123
882,3.675,0.0,0.0,0.8683250546455383,0.0,-0.0,0.0,1.5,123
883,3.6791666666666667,0.0,0.0,0.8683250546455383,0.0,-0.0,0.0,1.5,123
884,3.683333333333333,0.0,0.0,0.8683250546455383,0.0,-0.0,0.0,1.5,123
885,3.6875,0.0,0.0,0.8683250546455383,0.0,-0.0,0.0,1.5,123
886,3.691666666666667,0.0,0.0,0.8683250546455383,0.0,-0.0,0.0,1.5,123
887,3.6958333333333333,0.0,0.0,0.8683250546455383,0.0,-0.0,0.0,1.5,123
888,3.7,0.0,0.0,0.8683250546455383,0.0,-0.0,0.0,1.5,123
889,3.7041666666666666,0.0,0.0,0.8683250546455383,0.0,-0.0,0.0,1.5,123
890,3.7083333333333335,0.0,0.0,0.8683250546455383,0.0,-0.0,0.0,1.5,123
891,3.7125,0.0,0.0,0.8683250546455383,0.0,-0.0,0.0,1.5,123
892,3.716666666666667,0.0,0.0,0.8683250546455383,0.0,-0.0,0.0,1.5,123
893,3.720833333333333,0.0,0.0,0.8683250546455383,0.0,-0.0,0.0,1.5,123
894,3.725,0.0,0.0,0.8683250546455383,0.0,-0.0,0.0,1.5,123
895,3.7291666666666665,0.0,0.0,0.8683250546455383,0.0,-0.0,0.0,1.5,123
896,3.7333333333333334,0.0,0.0,0.8683250546455383,0.0,-0.0,0.0,1.5,123
897,3.7375,0.0,0.0,0.8683250546455383,0.0,-0.0,0.0,1.5,123
898,3.7416666666666667,0.0,0.0,0.8683250546455383,0.0,-0.0,0.0,1.5,123
899,3.745833333333333,0.0,0.0,0.8683250546455383,0.0,-0.0,0.0,1.5,123
900,3.75,0.0,0.0,0.8683250546455383,0.0,-0.0,0.0,1.5,123
901,3.754166666666667,0.0,0.0,0.8683250546455383,0.0,-0.0,0.0,1.5,123
902,3.7583333333333333,0.0,0.0,0.8683250546455383,0.0,-0.0,0.0,1.5,123
903,3.7625,0.0,0.0,0.8683250546455383,0.0,-0.0,0.0,1.5,123
904,3.7666666666666666,0.0,0.0,0.8683250546455383,0.0,-0.0,0.0,1.5,123
905,3.7708333333333335,0.0,0.0,0.8683250546455383,0.0,-0.0,0.0,1.5,123
906,3.775,0.0,0.0,0.8683250546455383,0.0,-0.0,0.0,1.5,123
907,3.779166666666667,0.0,0.0,0.8683250546455383,0.0,-0.0,0.0,1.5,123
908,3.783333333333333,0.0,0.0,0.8683250546455383,0.0,-0.0,0.0,1.5,123
909,3.7875,0.0,0.0,0.8683250546455383,0.0,-0.0,0.0,1.5,123
910,3.7916666666666665,0.0,0.0,0.8683250546455383,0.0,-0.0,0.0,1.5,123
911,3.7958333333333334,0.0,0.0,0.8683250546455383,0.0,-0.0,0.0,1.5,123
912,3.8,0.0,0.0,0.8683250546455383,0.0,-0.0,0.0,1.5,123
913,3.8041666666666667,0.0,0.0,0.8683250546455383,0.0,-0.0,0.0,1.5,123
914,3.808333333333333,0.0,0.0,0.8683250546455383,0.0,-0.0,0.0,1.5,123
915,3.8125,0.0,0.0,0.8683250546455383,0.0,-0.0,0.0,1.5,123
916,3.816666666666667,0.0,0.0,0.8683250546455383,0.0,-0.0,0.0,1.5,123
917,3.8208333333333333,0.0,0.0,0.8683250546455383,0.0,-0.0,0.0,1.5,123
918,3.825,0.0,0.0,0.8683250546455383,0.0,-0.0,0.0,1.5,123
919,3.8291666666666666,0.0,0.0,0.8683250546455383,0.0,-0.0,0.0,1.5,123
920,3.8333333333333335,0.0,0.0,0.8683250546455383,0.0,-0.0,0.0,1.5,123
921,3.8375,0.0,0.0,0.8683250546455383,0.0,-0.0,0.0,1.5,123
922,3.841666666666667,0.0,0.0,0.8683250546455383,0.0,-0.0,0.0,1.5,123
923,3.845833333333333,0.0,0.0,0.8683250546455383,0.0,-0.0,0.0,1.5,123
924,3.85,0.0,0.0,0.8683250546455383,0.0,-0.0,0.0,1.5,123
925,3.8541666666666665,0.0,0.0,0.8683250546455383,0.0,-0.0,0.0,1.5,123
926,3.8583333333333334,0.0,0.0,0.8683250546455383,0.0,-0.0,0.0,1.5,123
927,3.8625,0.0,0.0,0.8683250546455383,0.0,-0.0,0.0,1.5,123
928,3.8666666666666667,0.0,0.0,0.8683250546455383,0.0,-0.0,0.0,1.5,123
929,3.870833333333333,0.0,0.0,0.8683250546455383,0.0,-0.0,0.0,1.5,123
930,3.875,0.0,0.0,0.8683250546455383,0.0,-0.0,0.0,1.5,123
931,3.879166666666667,0.0,0.0,0.8683250546455383,0.0,-0.0,0.0,1.5,123
932,3.8833333333333333,0.0,0.0,0.8683250546455383,0.0,-0.0,0.0,1.5,123
933,3.8875,0.0,0.0,0.8683250546455383,0.0,-0.0,0.0,1.5,123
934,3.8916666666666666,0.0,0.0,0.8683250546455383,0.0,-0.0,0.0,1.5,123
935,3.8958333333333335,0.0,0.0,0.8683250546455383,0.0,-0.0,0.0,1.5,123
936,3.9,0.0,0.0,0.8683250546455383,0.0,-0.0,0.0,1.5,123
937,3.904166666666667,0.0,0.0,0.8683250546455383,0.0,-0.0,0.0,1.5,123
938,3.908333333333333,0.0,0.0,0.8683250546455383,0.0,-0.0,0.0,1.5,123
939,3.9125,0.0,0.0,0.8683250546455383,0.0,-0.0,0.0,1.5,123
940,3.9166666666666665,0.0,0.0,0.8683250546455383,0.0,-0.0,0.0,1.5,123
941,3.9208333333333334,0.0,0.0,0.8683250546455383,0.0,-0.0,0.0,1.5,123
942,3.925,0.0,0.0,0.8683250546455383,0.0,-0.0,0.0,1.5,123
943,3.9291666666666667,0.0,0.0,0.8683250546455383,0.0,-0.0,0.0,1.5,123
944,3.933333333333333,0.0,0.0,0.8683250546455383,0.0,-0.0,0.0,1.5,123
945,3.9375,0.0,0.0,0.8683250546455383,0.0,-0.0,0.0,1.5,123
946,3.941666666666667,0.0,0.0,0.8683250546455383,0.0,-0.0,0.0,1.5,123
947,3.9458333333333333,0.0,0.0,0.8683250546455383,0.0,-0.0,0.0,1.5,123
948,3.95,0.0,0.0,0.8683250546455383,0.0,-0.0,0.0,1.5,123
949,3.9541666666666666,0.0,0.0,0.8683250546455383,0.0,-0.0,0.0,1.5,123
950,3.9583333333333335,0.0,0.0,0.8683250546455383,0.0,-0.0,0.0,1.5,123
951,3.9625,0.0,0.0,0.8683250546455383,0.0,-0.0,0.0,1.5,123
952,3.966666666666667,0.0,0.0,0.8683250546455383,0.0,-0.0,0.0,1.5,123
953,3.970833333333333,0.0,0.0,0.8683250546455383,0.0,-0.0,0.0,1.5,123
954,3.975,0.0,0.0,0.8683250546455383,0.0,-0.0,0.0,1.5,123
955,3.9791666666666665,0.0,0.0,0.8683250546455383,0.0,-0.0,0.0,1.5,123
956,3.9833333333333334,0.0,0.0,0.8683250546455383,0.0,-0.0,0.0,1.5,123
957,3.9875,0.0,0.0,0.8683250546455383,0.0,-0.0,0.0,1.5,123
958,3.9916666666666667,0.0,0.0,0.8683250546455383,0.0,-0.0,0.0,1.5,123
959,3.995833333333333,0.0,0.0,0.8683250546455383,0.0,-0.0,0.0,1.5,123
960,4.0,0.0,0.0,0.8683250546455383,0.0,-0.0,0.0,1.5,123
961,4.004166666666666,0.0,0.0,0.8683250546455383,0.0,-0.0,0.0,1.5,123
962,4.008333333333334,0.0,0.0,0.8683250546455383,0.0,-0.0,0.0,1.5,123
963,4.0125,0.0,0.0,0.8683250546455383,0.0,-0.0,0.0,1.5,123
964,4.016666666666667,0.0,0.0,0.8683250546455383,0.0,-0.0,0.0,1.5,123
965,4.020833333333333,0.0,0.0,0.8683250546455383,0.0,-0.0,0.0,1.5,123
966,4.025,0.0,0.0,0.8683250546455383,0.0,-0.0,0.0,1.5,123
967,4.029166666666667,0.0,0.0,0.8683250546455383,0.0,-0.0,0.0,1.5,123
968,4.033333333333333,0.0,0.0,0.8683250546455383,0.0,-0.0,0.0,1.5,123
969,4.0375,0.0,0.0,0.8683250546455383,0.0,-0.0,0.0,1.5,123
970,4.041666666666667,0.0,0.0,0.8683250546455383,0.0,-0.0,0.0,1.5,123
971,4.045833333333333,0.0,0.0,0.8683250546455383,0.0,-0.0,0.0,1.5,123
972,4.05,0.0,0.0,0.8683250546455383,0.0,-0.0,0.0,1.5,123
973,4.054166666666666,0.0,0.0,0.8683250546455383,0.0,-0.0,0.0,1.5,123
974,4.058333333333334,0.0,0.0,0.8683250546455383,0.0,-0.0,0.0,1.5,123
975,4.0625,0.0,0.0,0.8683250546455383,0.0,-0.0,0.0,1.5,123
976,4.066666666666666,0.0,0.0,0.8683250546455383,0.0,-0.0,0.0,1.5,123
977,4.070833333333334,0.0,0.0,0.8683250546455383,0.0,-0.0,0.0,1.5,123
978,4.075,0.0,0.0,0.8683250546455383,0.0,-0.0,0.0,1.5,123
979,4.079166666666667,0.0,0.0,0.8683250546455383,0.0,-0.0,0.0,1.5,123
980,4.083333333333333,0.0,0.0,0.8683250546455383,0.0,-0.0,0.0,1.5,123
981,4.0875,0.0,0.0,0.8683250546455383,0.0,-0.0,0.0,1.5,123
982,4.091666666666667,0.0,0.0,0.8683250546455383,0.0,-0.0,0.0,1.5,123
983,4.095833333333333,0.0,0.0,0.8683250546455383,0.0,-0.0,0.0,1.5,123
984,4.1,0.0,0.0,0.8683250546455383,0.0,-0.0,0.0,1.5,123
985,4.104166666666667,0.0,0.0,0.8683250546455383,0.0,-0.0,0.0,1.5,123
986,4.108333333333333,0.0,0.0,0.8683250546455383,0.0,-0.0,0.0,1.5,123
987,4.1125,0.0,0.0,0.8683250546455383,0.0,-0.0,0.0,1.5,123
988,4.116666666666666,0.0,0.0,0.8683250546455383,0.0,-0.0,0.0,1.5,123
989,4.120833333333334,0.0,0.0,0.8683250546455383,0.0,-0.0,0.0,1.5,123
990,4.125,0.0,0.0,0.8683250546455383,0.0,-0.0,0.0,1.5,123
991,4.129166666666666,0.0,0.0,0.8683250546455383,0.0,-0.0,0.0,1.5,123
992,4.133333333333334,0.0,0.0,0.8683250546455383,0.0,-0.0,0.0,1.5,123
993,4.1375,0.0,0.0,0.8683250546455383,0.0,-0.0,0.0,1.5,123
994,4.141666666666667,0.0,0.0,0.8683250546455383,0.0,-0.0,0.0,1.5,123
995,4.145833333333333,0.0,0.0,0.8683250546455383,0.0,-0.0,0.0,1.5,123
996,4.15,0.0,0.0,0.8683250546455383,0.0,-0.0,0.0,1.5,123
997,4.154166666666667,0.0,0.0,0.8683250546455383,0.0,-0.0,0.0,1.5,123
998,4.158333333333333,0.0,0.0,0.8683250546455383,0.0,-0.0,0.0,1.5,123
999,4.1625,0.0,0.0,0.8683250546455383,0.0,-0.0,0.0,1.5,123
1000,4.166666666666667,0.0,0.0,0.8683250546455383,0.0,-0.0,0.0,1.5,123
1001,4.170833333333333,0.0,0.0,0.8683250546455383,0.0,-0.0,0.0,1.5,123
1002,4.175,0.0,0.0,0.8683250546455383,0.0,-0.0,0.0,1.5,123
1003,4.179166666666666,0.0,0.0,0.8683250546455383,0.0,-0.0,0.0,1.5,123
1004,4.183333333333334,0.0,0.0,0.8683250546455383,0.0,-0.0,0.0,1.5,123
1005,4.1875,0.0,0.0,0.8683250546455383,0.0,-0.0,0.0,1.5,123
1006,4.191666666666666,0.0,0.0,0.8683250546455383,0.0,-0.0,0.0,1.5,123
1007,4.195833333333334,0.0,0.0,0.8683250546455383,0.0,-0.0,0.0,1.5,123
1008,4.2,0.0,0.0,0.8683250546455383,0.0,-0.0,0.0,1.5,123
1009,4.204166666666667,0.0,0.0,0.8683250546455383,0.0,-0.0,0.0,1.5,123
1010,4.208333333333333,0.0,0.0,0.8683250546455383,0.0,-0.0,0.0,1.5,123
1011,4.2125,0.0,0.0,0.8683250546455383,0.0,-0.0,0.0,1.5,123
1012,4.216666666666667,0.0,0.0,0.8683250546455383,0.0,-0.0,0.0,1.5,123
1013,4.220833333333333,0.0,0.0,0.8683250546455383,0.0,-0.0,0.0,1.5,123
1014,4.225,0.0,0.0,0.8683250546455383,0.0,-0.0,0.0,1.5,123
1015,4.229166666666667,0.0,0.0,0.8683250546455383,0.0,-0.0,0.0,1.5,123
1016,4.233333333333333,0.0,0.0,0.8683250546455383,0.0,-0.0,0.0,1.5,123
1017,4.2375,0.0,0.0,0.8683250546455383,0.0,-0.0,0.0,1.5,123
1018,4.241666666666666,0.0,0.0,0.8683250546455383,0.0,-0.0,0.0,1.5,123
1019,4.245833333333334,0.0,0.0,0.8683250546455383,0.0,-0.0,0.0,1.5,123
1020,4.25,0.0,0.0,0.8683250546455383,0.0,-0.0,0.0,1.5,123
1021,4.254166666666666,0.0,0.0,0.8683250546455383,0.0,-0.0,0.0,1.5,123
1022,4.258333333333334,0.0,0.0,0.8683250546455383,0.0,-0.0,0.0,1.5,123
1023,4.2625,0.0,0.0,0.8683250546455383,0.0,-0.0,0.0,1.5,123
1024,4.266666666666667,0.0,0.0,0.8683250546455383,0.0,-0.0,0.0,1.5,123
1025,4.270833333333333,0.0,0.0,0.8683250546455383,0.0,-0.0,0.0,1.5,123
1026,4.275,0.0,0.0,0.8683250546455383,0.0,-0.0,0.0,1.5,123
1027,4.279166666666667,0.0,0.0,0.8683250546455383,0.0,-0.0,0.0,1.5,123
1028,4.283333333333333,0.0,0.0,0.8683250546455383,0.0,-0.0,0.0,1.5,123
1029,4.2875,0.0,0.0,0.8683250546455383,0.0,-0.0,0.0,1.5,123
1030,4.291666666666667,0.0,0.0,0.8683250546455383,0.0,-0.0,0.0,1.5,123
1031,4.295833333333333,0.0,0.0,0.8683250546455383,0.0,-0.0,0.0,1.5,123
1032,4.3,0.0,0.0,0.8683250546455383,0.0,-0.0,0.0,1.5,123
1033,4.304166666666666,0.0,0.0,0.8683250546455383,0.0,-0.0,0.0,1.5,123
1034,4.308333333333334,0.0,0.0,0.8683250546455383,0.0,-0.0,0.0,1.5,123
1035,4.3125,0.0,0.0,0.8683250546455383,0.0,-0.0,0.0,1.5,123
1036,4.316666666666666,0.0,0.0,0.8683250546455383,0.0,-0.0,0.0,1.5,123
1037,4.320833333333334,0.0,0.0,0.8683250546455383,0.0,-0.0,0.0,1.5,123
1038,4.325,0.0,0.0,0.8683250546455383,0.0,-0.0,0.0,1.5,123
1039,4.329166666666667,0.0,0.0,0.8683250546455383,0.0,-0.0,0.0,1.5,123
1040,4.333333333333333,0.0,0.0,0.8683250546455383,0.0,-0.0,0.0,1.5,123
1041,4.3375,0.0,0.0,0.8683250546455383,0.0,-0.0,0.0,1.5,123
1042,4.341666666666667,0.0,0.0,0.8683250546455383,0.0,-0.0,0.0,1.5,123
1043,4.345833333333333,0.0,0.0,0.8683250546455383,0.0,-0.0,0.0,1.5,123
1044,4.35,0.0,0.0,0.8683250546455383,0.0,-0.0,0.0,1.5,123
1045,4.354166666666667,0.0,0.0,0.8683250546455383,0.0,-0.0,0.0,1.5,123
1046,4.358333333333333,0.0,0.0,0.8683250546455383,0.0,-0.0,0.0,1.5,123
1047,4.3625,0.0,0.0,0.8683250546455383,0.0,-0.0,0.0,1.5,123
1048,4.366666666666666,0.0,0.0,0.8683250546455383,0.0,-0.0,0.0,1.5,123
1049,4.370833333333334,0.0,0.0,0.8683250546455383,0.0,-0.0,0.0,1.5,123
1050,4.375,0.0,0.0,0.8683250546455383,0.0,-0.0,0.0,1.5,123
1051,4.379166666666666,0.0,0.0,0.8683250546455383,0.0,-0.0,0.0,1.5,123
1052,4.383333333333334,0.0,0.0,0.8683250546455383,0.0,-0.0,0.0,1.5,123
1053,4.3875,0.0,0.0,0.8683250546455383,0.0,-0.0,0.0,1.5,123
1054,4.391666666666667,0.0,0.0,0.8683250546455383,0.0,-0.0,0.0,1.5,123
1055,4.395833333333333,0.0,0.0,0.8683250546455383,0.0,-0.0,0.0,1.5,123
1056,4.4,0.0,0.0,0.8683250546455383,0.0,-0.0,0.0,1.5,123
1057,4.404166666666667,0.0,0.0,0.8683250546455383,0.0,-0.0,0.0,1.5,123
1058,4.408333333333333,0.0,0.0,0.8683250546455383,0.0,-0.0,0.0,1.5,123
1059,4.4125,0.0,0.0,0.8683250546455383,0.0,-0.0,0.0,1.5,123
1060,4.416666666666667,0.0,0.0,0.8683250546455383,0.0,-0.0,0.0,1.5,123
1061,4.420833333333333,0.0,0.0,0.8683250546455383,0.0,-0.0,0.0,1.5,123
1062,4.425,0.0,0.0,0.8683250546455383,0.0,-0.0,0.0,1.5,123
1063,4.429166666666666,0.0,0.0,0.8683250546455383,0.0,-0.0,0.0,1.5,123
1064,4.433333333333334,0.0,0.0,0.8683250546455383,0.0,-0.0,0.0,1.5,123
1065,4.4375,0.0,0.0,0.8683250546455383,0.0,-0.0,0.0,1.5,123
1066,4.441666666666666,0.0,0.0,0.8683250546455383,0.0,-0.0,0.0,1.5,123
1067,4.445833333333334,0.0,0.0,0.8683250546455383,0.0,-0.0,0.0,1.5,123
1068,4.45,0.0,0.0,0.8683250546455383,0.0,-0.0,0.0,1.5,123
1069,4.454166666666667,0.0,0.0,0.8683250546455383,0.0,-0.0,0.0,1.5,123
1070,4.458333333333333,0.0,0.0,0.8683250546455383,0.0,-0.0,0.0,1.5,123
1071,4.4625,0.0,0.0,0.8683250546455383,0.0,-0.0,0.0,1.5,123
1072,4.466666666666667,0.0,0.0,0.8683250546455383,0.0,-0.0,0.0,1.5,123
1073,4.470833333333333,0.0,0.0,0.8683250546455383,0.0,-0.0,0.0,1.5,123
1074,4.475,0.0,0.0,0.8683250546455383,0.0,-0.0,0.0,1.5,123
1075,4.479166666666667,0.0,0.0,0.8683250546455383,0.0,-0.0,0.0,1.5,123
1076,4.483333333333333,0.0,0.0,0.8683250546455383,0.0,-0.0,0.0,1.5,123
1077,4.4875,0.0,0.0,0.8683250546455383,0.0,-0.0,0.0,1.5,123
1078,4.491666666666666,0.0,0.0,0.8683250546455383,0.0,-0.0,0.0,1.5,123
1079,4.495833333333334,0.0,0.0,0.8683250546455383,0.0,-0.0,0.0,1.5,123
1080,4.5,0.0,0.0,0.8683250546455383,0.0,-0.0,0.0,1.5,123
1081,4.504166666666666,0.0,0.0,0.8683250546455383,0.0,-0.0,0.0,1.5,123
1082,4.508333333333334,0.0,0.0,0.8683250546455383,0.0,-0.0,0.0,1.5,123
1083,4.5125,0.0,0.0,0.8683250546455383,0.0,-0.0,0.0,1.5,123
1084,4.516666666666667,0.0,0.0,0.8683250546455383,0.0,-0.0,0.0,1.5,123
1085,4.520833333333333,0.0,0.0,0.8683250546455383,0.0,-0.0,0.0,1.5,123
1086,4.525,0.0,0.0,0.8683250546455383,0.0,-0.0,0.0,1.5,123
1087,4.529166666666667,0.0,0.0,0.8683250546455383,0.0,-0.0,0.0,1.5,123
1088,4.533333333333333,0.0,0.0,0.8683250546455383,0.0,-0.0,0.0,1.5,123
1089,4.5375,0.0,0.0,0.8683250546455383,0.0,-0.0,0.0,1.5,123
1090,4.541666666666667,0.0,0.0,0.8683250546455383,0.0,-0.0,0.0,1.5,123
1091,4.545833333333333,0.0,0.0,0.8683250546455383,0.0,-0.0,0.0,1.5,123
1092,4.55,0.0,0.0,0.8683250546455383,0.0,-0.0,0.0,1.5,123
1093,4.554166666666666,0.0,0.0,0.8683250546455383,0.0,-0.0,0.0,1.5,123
1094,4.558333333333334,0.0,0.0,0.8683250546455383,0.0,-0.0,0.0,1.5,123
1095,4.5625,0.0,0.0,0.8683250546455383,0.0,-0.0,0.0,1.5,123
1096,4.566666666666666,0.0,0.0,0.8683250546455383,0.0,-0.0,0.0,1.5,123
1097,4.570833333333334,0.0,0.0,0.8683250546455383,0.0,-0.0,0.0,1.5,123
1098,4.575,0.0,0.0,0.8683250546455383,0.0,-0.0,0.0,1.5,123
1099,4.579166666666667,0.0,0.0,0.8683250546455383,0.0,-0.0,0.0,1.5,123
1100,4.583333333333333,0.0,0.0,0.8683250546455383,0.0,-0.0,0.0,1.5,123
1101,4.5875,0.0,0.0,0.8683250546455383,0.0,-0.0,0.0,1.5,123
1102,4.591666666666667,0.0,0.0,0.8683250546455383,0.0,-0.0,0.0,1.5,123
1103,4.595833333333333,0.0,0.0,0.8683250546455383,0.0,-0.0,0.0,1.5,123
1104,4.6,0.0,0.0,0.8683250546455383,0.0,-0.0,0.0,1.5,123
1105,4.604166666666667,0.0,0.0,0.8683250546455383,0.0,-0.0,0.0,1.5,123
1106,4.608333333333333,0.0,0.0,0.8683250546455383,0.0,-0.0,0.0,1.5,123
1107,4.6125,0.0,0.0,0.8683250546455383,0.0,-0.0,0.0,1.5,123
1108,4.616666666666666,0.0,0.0,0.8683250546455383,0.0,-0.0,0.0,1.5,123
1109,4.620833333333334,0.0,0.0,0.8683250546455383,0.0,-0.0,0.0,1.5,123
1110,4.625,0.0,0.0,0.8683250546455383,0.0,-0.0,0.0,1.5,123
1111,4.629166666666666,0.0,0.0,0.8683250546455383,0.0,-0.0,0.0,1.5,123
1112,4.633333333333334,0.0,0.0,0.8683250546455383,0.0,-0.0,0.0,1.5,123
1113,4.6375,0.0,0.0,0.8683250546455383,0.0,-0.0,0.0,1.5,123
1114,4.641666666666667,0.0,0.0,0.8683250546455383,0.0,-0.0,0.0,1.5,123
1115,4.645833333333333,0.0,0.0,0.8683250546455383,0.0,-0.0,0.0,1.5,123
1116,4.65,0.0,0.0,0.8683250546455383,0.0,-0.0,0.0,1.5,123
1117,4.654166666666667,0.0,0.0,0.8683250546455383,0.0,-0.0,0.0,1.5,123
1118,4.658333333333333,0.0,0.0,0.8683250546455383,0.0,-0.0,0.0,1.5,123
1119,4.6625,0.0,0.0,0.8683250546455383,0.0,-0.0,0.0,1.5,123
1120,4.666666666666667,0.0,0.0,0.8683250546455383,0.0,-0.0,0.0,1.5,123
1121,4.670833333333333,0.0,0.0,0.8683250546455383,0.0,-0.0,0.0,1.5,123
1122,4.675,0.0,0.0,0.8683250546455383,0.0,-0.0,0.0,1.5,123
1123,4.679166666666666,0.0,0.0,0.8683250546455383,0.0,-0.0,0.0,1.5,123
1124,4.683333333333334,0.0,0.0,0.8683250546455383,0.0,-0.0,0.0,1.5,123
1125,4.6875,0.0,0.0,0.8683250546455383,0.0,-0.0,0.0,1.5,123
1126,4.691666666666666,0.0,0.0,0.8683250546455383,0.0,-0.0,0.0,1.5,123
1127,4.695833333333334,0.0,0.0,0.8683250546455383,0.0,-0.0,0.0,1.5,123
1128,4.7,0.0,0.0,0.8683250546455383,0.0,-0.0,0.0,1.5,123
1129,4.704166666666667,0.0,0.0,0.8683250546455383,0.0,-0.0,0.0,1.5,123
1130,4.708333333333333,0.0,0.0,0.8683250546455383,0.0,-0.0,0.0,1.5,123
1131,4.7125,0.0,0.0,0.8683250546455383,0.0,-0.0,0.0,1.5,123
1132,4.716666666666667,0.0,0.0,0.8683250546455383,0.0,-0.0,0.0,1.5,123
1133,4.720833333333333,0.0,0.0,0.8683250546455383,0.0,-0.0,0.0,1.5,123
1134,4.725,0.0,0.0,0.8683250546455383,0.0,-0.0,0.0,1.5,123
1135,4.729166666666667,0.0,0.0,0.8683250546455383,0.0,-0.0,0.0,1.5,123
1136,4.733333333333333,0.0,0.0,0.8683250546455383,0.0,-0.0,0.0,1.5,123
1137,4.7375,0.0,0.0,0.8683250546455383,0.0,-0.0,0.0,1.5,123
1138,4.741666666666666,0.0,0.0,0.8683250546455383,0.0,-0.0,0.0,1.5,123
1139,4.745833333333334,0.0,0.0,0.8683250546455383,0.0,-0.0,0.0,1.5,123
1140,4.75,0.0,0.0,0.8683250546455383,0.0,-0.0,0.0,1.5,123
1141,4.754166666666666,0.0,0.0,0.8683250546455383,0.0,-0.0,0.0,1.5,123
1142,4.758333333333334,0.0,0.0,0.8683250546455383,0.0,-0.0,0.0,1.5,123
1143,4.7625,0.0,0.0,0.8683250546455383,0.0,-0.0,0.0,1.5,123
1144,4.766666666666667,0.0,0.0,0.8683250546455383,0.0,-0.0,0.0,1.5,123
1145,4.770833333333333,0.0,0.0,0.8683250546455383,0.0,-0.0,0.0,1.5,123
1146,4.775,0.0,0.0,0.8683250546455383,0.0,-0.0,0.0,1.5,123
1147,4.779166666666667,0.0,0.0,0.8683250546455383,0.0,-0.0,0.0,1.5,123
1148,4.783333333333333,0.0,0.0,0.8683250546455383,0.0,-0.0,0.0,1.5,123
1149,4.7875,0.0,0.0,0.8683250546455383,0.0,-0.0,0.0,1.5,123
1150,4.791666666666667,0.0,0.0,0.8683250546455383,0.0,-0.0,0.0,1.5,123
1151,4.795833333333333,0.0,0.0,0.8683250546455383,0.0,-0.0,0.0,1.5,123
1152,4.8,0.0,0.0,0.8683250546455383,0.0,-0.0,0.0,1.5,123
1153,4.804166666666666,0.0,0.0,0.8683250546455383,0.0,-0.0,0.0,1.5,123
1154,4.808333333333334,0.0,0.0,0.8683250546455383,0.0,-0.0,0.0,1.5,123
1155,4.8125,0.0,0.0,0.8683250546455383,0.0,-0.0,0.0,1.5,123
1156,4.816666666666666,0.0,0.0,0.8683250546455383,0.0,-0.0,0.0,1.5,123
1157,4.820833333333334,0.0,0.0,0.8683250546455383,0.0,-0.0,0.0,1.5,123
1158,4.825,0.0,0.0,0.8683250546455383,0.0,-0.0,0.0,1.5,123
1159,4.829166666666667,0.0,0.0,0.8683250546455383,0.0,-0.0,0.0,1.5,123
1160,4.833333333333333,0.0,0.0,0.8683250546455383,0.0,-0.0,0.0,1.5,123
1161,4.8375,0.0,0.0,0.8683250546455383,0.0,-0.0,0.0,1.5,123
1162,4.841666666666667,0.0,0.0,0.8683250546455383,0.0,-0.0,0.0,1.5,123
1163,4.845833333333333,0.0,0.0,0.8683250546455383,0.0,-0.0,0.0,1.5,123
1164,4.85,0.0,0.0,0.8683250546455383,0.0,-0.0,0.0,1.5,123
1165,4.854166666666667,0.0,0.0,0.8683250546455383,0.0,-0.0,0.0,1.5,123
1166,4.858333333333333,0.0,0.0,0.8683250546455383,0.0,-0.0,0.0,1.5,123
1167,4.8625,0.0,0.0,0.8683250546455383,0.0,-0.0,0.0,1.5,123
1168,4.866666666666666,0.0,0.0,0.8683250546455383,0.0,-0.0,0.0,1.5,123
1169,4.870833333333334,0.0,0.0,0.8683250546455383,0.0,-0.0,0.0,1.5,123
1170,4.875,0.0,0.0,0.8683250546455383,0.0,-0.0,0.0,1.5,123
1171,4.879166666666666,0.0,0.0,0.8683250546455383,0.0,-0.0,0.0,1.5,123
1172,4.883333333333334,0.0,0.0,0.8683250546455383,0.0,-0.0,0.0,1.5,123
1173,4.8875,0.0,0.0,0.8683250546455383,0.0,-0.0,0.0,1.5,123
1174,4.891666666666667,0.0,0.0,0.8683250546455383,0.0,-0.0,0.0,1.5,123
1175,4.895833333333333,0.0,0.0,0.8683250546455383,0.0,-0.0,0.0,1.5,123
1176,4.9,0.0,0.0,0.8683250546455383,0.0,-0.0,0.0,1.5,123
1177,4.904166666666667,0.0,0.0,0.8683250546455383,0.0,-0.0,0.0,1.5,123
1178,4.908333333333333,0.0,0.0,0.8683250546455383,0.0,-0.0,0.0,1.5,123
1179,4.9125,0.0,0.0,0.8683250546455383,0.0,-0.0,0.0,1.5,123
1180,4.916666666666667,0.0,0.0,0.8683250546455383,0.0,-0.0,0.0,1.5,123
1181,4.920833333333333,0.0,0.0,0.8683250546455383,0.0,-0.0,0.0,1.5,123
1182,4.925,0.0,0.0,0.8683250546455383,0.0,-0.0,0.0,1.5,123
1183,4.929166666666666,0.0,0.0,0.8683250546455383,0.0,-0.0,0.0,1.5,123
1184,4.933333333333334,0.0,0.0,0.8683250546455383,0.0,-0.0,0.0,1.5,123
1185,4.9375,0.0,0.0,0.8683250546455383,0.0,-0.0,0.0,1.5,123
1186,4.941666666666666,0.0,0.0,0.8683250546455383,0.0,-0.0,0.0,1.5,123
1187,4.945833333333334,0.0,0.0,0.8683250546455383,0.0,-0.0,0.0,1.5,123
1188,4.95,0.0,0.0,0.8683250546455383,0.0,-0.0,0.0,1.5,123
1189,4.954166666666667,0.0,0.0,0.8683250546455383,0.0,-0.0,0.0,1.5,123
1190,4.958333333333333,0.0,0.0,0.8683250546455383,0.0,-0.0,0.0,1.5,123
1191,4.9625,0.0,0.0,0.8683250546455383,0.0,-0.0,0.0,1.5,123
1192,4.966666666666667,0.0,0.0,0.8683250546455383,0.0,-0.0,0.0,1.5,123
1193,4.970833333333333,0.0,0.0,0.8683250546455383,0.0,-0.0,0.0,1.5,123
1194,4.975,0.0,0.0,0.8683250546455383,0.0,-0.0,0.0,1.5,123
1195,4.979166666666667,0.0,0.0,0.8683250546455383,0.0,-0.0,0.0,1.5,123
1196,4.983333333333333,0.0,0.0,0.8683250546455383,0.0,-0.0,0.0,1.5,123
1197,4.9875,0.0,0.0,0.8683250546455383,0.0,-0.0,0.0,1.5,123
1198,4.991666666666666,0.0,0.0,0.8683250546455383,0.0,-0.0,0.0,1.5,123
1199,4.995833333333334,0.0,0.0,0.8683250546455383,0.0,-0.0,0.0,1.5,123
