step,time,x,y,z,roll,pitch,yaw,p_gain_mult
0,0.0,0.0,0.0,0.09982986003160477,0.0,-0.0,0.0,0.5
1,0.004166666666666667,0.0,0.0,0.09974229335784912,0.0,-0.0,0.0,0.5
2,0.008333333333333333,0.0,0.0,0.0997372642159462,0.0,-0.0,0.0,0.5
3,0.0125,0.0,0.0,0.0998147502541542,0.0,-0.0,0.0,0.5
4,0.016666666666666666,0.0,0.0,0.09997471421957016,0.0,-0.0,0.0,0.5
5,0.020833333333333332,0.0,0.0,0.10021713376045227,0.0,-0.0,0.0,0.5
6,0.025,0.0,0.0,0.10054197907447815,0.0,-0.0,0.0,0.5
7,0.029166666666666667,0.0,0.0,0.10094922035932541,0.0,-0.0,0.0,0.5
8,0.03333333333333333,0.0,0.0,0.10143882781267166,0.0,-0.0,0.0,0.5
9,0.0375,0.0,0.0,0.10201077163219452,0.0,-0.0,0.0,0.5
10,0.041666666666666664,0.0,0.0,0.1026650220155716,0.0,-0.0,0.0,0.5
11,0.04583333333333333,0.0,0.0,0.1034015491604805,0.0,-0.0,0.0,0.5
12,0.05,0.0,0.0,0.10422030836343765,0.0,-0.0,0.0,0.5
13,0.05416666666666667,0.0,0.0,0.10512128472328186,0.0,-0.0,0.0,0.5
14,0.058333333333333334,0.0,0.0,0.10610443353652954,0.0,-0.0,0.0,0.5
15,0.0625,0.0,0.0,0.1071697250008583,0.0,-0.0,0.0,0.5
16,0.06666666666666667,0.0,0.0,0.10831712186336517,0.0,-0.0,0.0,0.5
17,0.07083333333333333,0.0,0.0,0.10954658687114716,0.0,-0.0,0.0,0.5
18,0.075,0.0,0.0,0.11085809022188187,0.0,-0.0,0.0,0.5
19,0.07916666666666666,0.0,0.0,0.11225160211324692,0.0,-0.0,0.0,0.5
20,0.08333333333333333,0.0,0.0,0.11372707039117813,0.0,-0.0,0.0,0.5
21,0.0875,0.0,0.0,0.11528447270393372,0.0,-0.0,0.0,0.5
22,0.09166666666666666,0.0,0.0,0.11692376434803009,0.0,-0.0,0.0,0.5
23,0.09583333333333334,0.0,0.0,0.11864490807056427,0.0,-0.0,0.0,0.5
24,0.1,0.0,0.0,0.12044786661863327,0.0,-0.0,0.0,0.5
25,0.10416666666666667,0.0,0.0,0.1223326027393341,0.0,-0.0,0.0,0.5
26,0.10833333333333334,0.0,0.0,0.1242990717291832,0.0,-0.0,0.0,0.5
27,0.1125,0.0,0.0,0.12634722888469696,0.0,-0.0,0.0,0.5
28,0.11666666666666667,0.0,0.0,0.1284770518541336,0.0,-0.0,0.0,0.5
29,0.12083333333333333,0.0,0.0,0.13068848848342896,0.0,-0.0,0.0,0.5
30,0.125,0.0,0.0,0.13298149406909943,0.0,-0.0,0.0,0.5
31,0.12916666666666668,0.0,0.0,0.13535603880882263,0.0,-0.0,0.0,0.5
32,0.13333333333333333,0.0,0.0,0.1378120630979538,0.0,-0.0,0.0,0.5
33,0.1375,0.0,0.0,0.14034953713417053,0.0,-0.0,0.0,0.5
34,0.14166666666666666,0.0,0.0,0.14296841621398926,0.0,-0.0,0.0,0.5
35,0.14583333333333334,0.0,0.0,0.1456686556339264,0.0,-0.0,0.0,0.5
36,0.15,0.0,0.0,0.14845019578933716,0.0,-0.0,0.0,0.5
37,0.15416666666666667,0.0,0.0,0.15131302177906036,0.0,-0.0,0.0,0.5
38,0.15833333333333333,0.0,0.0,0.15425705909729004,0.0,-0.0,0.0,0.5
39,0.1625,0.0,0.0,0.1572822779417038,0.0,-0.0,0.0,0.5
40,0.16666666666666666,0.0,0.0,0.16038861870765686,0.0,-0.0,0.0,0.5
41,0.17083333333333334,0.0,0.0,0.16357603669166565,0.0,-0.0,0.0,0.5
42,0.175,0.0,0.0,0.16684450209140778,0.0,-0.0,0.0,0.5
43,0.17916666666666667,0.0,0.0,0.17019395530223846,0.0,-0.0,0.0,0.5
44,0.18333333333333332,0.0,0.0,0.17362433671951294,0.0,-0.0,0.0,0.5
45,0.1875,0.0,0.0,0.1771351397037506,0.0,-0.0,0.0,0.5
46,0.19166666666666668,0.0,0.0,0.18071728944778442,0.0,-0.0,0.0,0.5
47,0.19583333333333333,0.0,0.0,0.18436233699321747,0.0,-0.0,0.0,0.5
48,0.2,0.0,0.0,0.18806248903274536,0.0,-0.0,0.0,0.5
49,0.20416666666666666,0.0,0.0,0.1918104887008667,0.0,-0.0,0.0,0.5
50,0.20833333333333334,0.0,0.0,0.19559957087039948,0.0,-0.0,0.0,0.5
51,0.2125,0.0,0.0,0.19942352175712585,0.0,-0.0,0.0,0.5
52,0.21666666666666667,0.0,0.0,0.20327655971050262,0.0,-0.0,0.0,0.5
53,0.22083333333333333,0.0,0.0,0.2071533054113388,0.0,-0.0,0.0,0.5
54,0.225,0.0,0.0,0.21104881167411804,0.0,-0.0,0.0,0.5
55,0.22916666666666666,0.0,0.0,0.21495848894119263,0.0,-0.0,0.0,0.5
56,0.23333333333333334,0.0,0.0,0.21887809038162231,0.0,-0.0,0.0,0.5
57,0.2375,0.0,0.0,0.22280368208885193,0.0,-0.0,0.0,0.5
58,0.24166666666666667,0.0,0.0,0.22673165798187256,0.0,-0.0,0.0,0.5
59,0.24583333333333332,0.0,0.0,0.23065868020057678,0.0,-0.0,0.0,0.5
60,0.25,0.0,0.0,0.23458167910575867,0.0,-0.0,0.0,0.5
61,0.25416666666666665,0.0,0.0,0.238497793674469,0.0,-0.0,0.0,0.5
62,0.25833333333333336,0.0,0.0,0.24240440130233765,0.0,-0.0,0.0,0.5
63,0.2625,0.0,0.0,0.2462991178035736,0.0,-0.0,0.0,0.5
64,0.26666666666666666,0.0,0.0,0.2501797378063202,0.0,-0.0,0.0,0.5
65,0.2708333333333333,0.0,0.0,0.25404423475265503,0.0,-0.0,0.0,0.5
66,0.275,0.0,0.0,0.2578907608985901,0.0,-0.0,0.0,0.5
67,0.2791666666666667,0.0,0.0,0.26171761751174927,0.0,-0.0,0.0,0.5
68,0.2833333333333333,0.0,0.0,0.2655232846736908,0.0,-0.0,0.0,0.5
69,0.2875,0.0,0.0,0.2693063020706177,0.0,-0.0,0.0,0.5
70,0.2916666666666667,0.0,0.0,0.2730654180049896,0.0,-0.0,0.0,0.5
71,0.29583333333333334,0.0,0.0,0.2767994999885559,0.0,-0.0,0.0,0.5
72,0.3,0.0,0.0,0.28050747513771057,0.0,-0.0,0.0,0.5
73,0.30416666666666664,0.0,0.0,0.2841883897781372,0.0,-0.0,0.0,0.5
74,0.30833333333333335,0.0,0.0,0.2878413796424866,0.0,-0.0,0.0,0.5
75,0.3125,0.0,0.0,0.2914656698703766,0.0,-0.0,0.0,0.5
76,0.31666666666666665,0.0,0.0,0.2950606048107147,0.0,-0.0,0.0,0.5
77,0.32083333333333336,0.0,0.0,0.29862555861473083,0.0,-0.0,0.0,0.5
78,0.325,0.0,0.0,0.30216002464294434,0.0,-0.0,0.0,0.5
79,0.32916666666666666,0.0,0.0,0.305663526058197,0.0,-0.0,0.0,0.5
80,0.3333333333333333,0.0,0.0,0.30913564562797546,0.0,-0.0,0.0,0.5
81,0.3375,0.0,0.0,0.312576025724411,0.0,-0.0,0.0,0.5
82,0.3416666666666667,0.0,0.0,0.3159843683242798,0.0,-0.0,0.0,0.5
83,0.3458333333333333,0.0,0.0,0.3193604648113251,0.0,-0.0,0.0,0.5
84,0.35,0.0,0.0,0.3227040767669678,0.0,-0.0,0.0,0.5
85,0.3541666666666667,0.0,0.0,0.32601502537727356,0.0,-0.0,0.0,0.5
86,0.35833333333333334,0.0,0.0,0.3292931914329529,0.0,-0.0,0.0,0.5
87,0.3625,0.0,0.0,0.33253851532936096,0.0,-0.0,0.0,0.5
88,0.36666666666666664,0.0,0.0,0.335750937461853,0.0,-0.0,0.0,0.5
89,0.37083333333333335,0.0,0.0,0.3389304280281067,0.0,-0.0,0.0,0.5
90,0.375,0.0,0.0,0.34207698702812195,0.0,-0.0,0.0,0.5
91,0.37916666666666665,0.0,0.0,0.3451906442642212,0.0,-0.0,0.0,0.5
92,0.38333333333333336,0.0,0.0,0.3482714593410492,0.0,-0.0,0.0,0.5
93,0.3875,0.0,0.0,0.3513195216655731,0.0,-0.0,0.0,0.5
94,0.39166666666666666,0.0,0.0,0.35433489084243774,0.0,-0.0,0.0,0.5
95,0.3958333333333333,0.0,0.0,0.357317715883255,0.0,-0.0,0.0,0.5
96,0.4,0.0,0.0,0.36026811599731445,0.0,-0.0,0.0,0.5
97,0.4041666666666667,0.0,0.0,0.3631862699985504,0.0,-0.0,0.0,0.5
98,0.4083333333333333,0.0,0.0,0.36607229709625244,0.0,-0.0,0.0,0.5
99,0.4125,0.0,0.0,0.36892640590667725,0.0,-0.0,0.0,0.5
100,0.4166666666666667,0.0,0.0,0.37174874544143677,0.0,-0.0,0.0,0.5
101,0.42083333333333334,0.0,0.0,0.3745395541191101,0.0,-0.0,0.0,0.5
102,0.425,0.0,0.0,0.3772990107536316,0.0,-0.0,0.0,0.5
103,0.42916666666666664,0.0,0.0,0.3800273537635803,0.0,-0.0,0.0,0.5
104,0.43333333333333335,0.0,0.0,0.382724791765213,0.0,-0.0,0.0,0.5
105,0.4375,0.0,0.0,0.38539156317710876,0.0,-0.0,0.0,0.5
106,0.44166666666666665,0.0,0.0,0.3880279064178467,0.0,-0.0,0.0,0.5
107,0.44583333333333336,0.0,0.0,0.39063408970832825,0.0,-0.0,0.0,0.5
108,0.45,0.0,0.0,0.39321035146713257,0.0,-0.0,0.0,0.5
109,0.45416666666666666,0.0,0.0,0.39575693011283875,0.0,-0.0,0.0,0.5
110,0.4583333333333333,0.0,0.0,0.3982740640640259,0.0,-0.0,0.0,0.5
111,0.4625,0.0,0.0,0.40076205134391785,0.0,-0.0,0.0,0.5
112,0.4666666666666667,0.0,0.0,0.40322116017341614,0.0,-0.0,0.0,0.5
113,0.4708333333333333,0.0,0.0,0.40565162897109985,0.0,-0.0,0.0,0.5
114,0.475,0.0,0.0,0.40805375576019287,0.0,-0.0,0.0,0.5
115,0.4791666666666667,0.0,0.0,0.4104278087615967,0.0,-0.0,0.0,0.5
116,0.48333333333333334,0.0,0.0,0.4127740263938904,0.0,-0.0,0.0,0.5
117,0.4875,0.0,0.0,0.41509270668029785,0.0,-0.0,0.0,0.5
118,0.49166666666666664,0.0,0.0,0.41738414764404297,0.0,-0.0,0.0,0.5
119,0.49583333333333335,0.0,0.0,0.41964858770370483,0.0,-0.0,0.0,0.5
120,0.5,0.0,0.0,0.4218863248825073,0.0,-0.0,0.0,0.5
121,0.5041666666666667,0.0,0.0,0.42409762740135193,0.0,-0.0,0.0,0.5
122,0.5083333333333333,0.0,0.0,0.4262827932834625,0.0,-0.0,0.0,0.5
123,0.5125,0.0,0.0,0.4284420609474182,0.0,-0.0,0.0,0.5
124,0.5166666666666667,0.0,0.0,0.43057572841644287,0.0,-0.0,0.0,0.5
125,0.5208333333333334,0.0,0.0,0.4326840341091156,0.0,-0.0,0.0,0.5
126,0.525,0.0,0.0,0.43476730585098267,0.0,-0.0,0.0,0.5
127,0.5291666666666667,0.0,0.0,0.43682578206062317,0.0,-0.0,0.0,0.5
128,0.5333333333333333,0.0,0.0,0.438859760761261,0.0,-0.0,0.0,0.5
129,0.5375,0.0,0.0,0.4408694803714752,0.0,-0.0,0.0,0.5
130,0.5416666666666666,0.0,0.0,0.44285520911216736,0.0,-0.0,0.0,0.5
131,0.5458333333333333,0.0,0.0,0.4448172152042389,0.0,-0.0,0.0,0.5
132,0.55,0.0,0.0,0.4467557668685913,0.0,-0.0,0.0,0.5
133,0.5541666666666667,0.0,0.0,0.4486711323261261,0.0,-0.0,0.0,0.5
134,0.5583333333333333,0.0,0.0,0.45056357979774475,0.0,-0.0,0.0,0.5
135,0.5625,0.0,0.0,0.45243337750434875,0.0,-0.0,0.0,0.5
136,0.5666666666666667,0.0,0.0,0.4542807340621948,0.0,-0.0,0.0,0.5
137,0.5708333333333333,0.0,0.0,0.45610594749450684,0.0,-0.0,0.0,0.5
138,0.575,0.0,0.0,0.4579092264175415,0.0,-0.0,0.0,0.5
139,0.5791666666666667,0.0,0.0,0.4596908688545227,0.0,-0.0,0.0,0.5
140,0.5833333333333334,0.0,0.0,0.46145111322402954,0.0,-0.0,0.0,0.5
141,0.5875,0.0,0.0,0.4631901979446411,0.0,-0.0,0.0,0.5
142,0.5916666666666667,0.0,0.0,0.4649083614349365,0.0,-0.0,0.0,0.5
143,0.5958333333333333,0.0,0.0,0.46660587191581726,0.0,-0.0,0.0,0.5
144,0.6,0.0,0.0,0.46828293800354004,0.0,-0.0,0.0,0.5
145,0.6041666666666666,0.0,0.0,0.46993979811668396,0.0,-0.0,0.0,0.5
146,0.6083333333333333,0.0,0.0,0.4715766906738281,0.0,-0.0,0.0,0.5
147,0.6125,0.0,0.0,0.47319385409355164,0.0,-0.0,0.0,0.5
148,0.6166666666666667,0.0,0.0,0.4747915267944336,0.0,-0.0,0.0,0.5
149,0.6208333333333333,0.0,0.0,0.4763699471950531,0.0,-0.0,0.0,0.5
150,0.625,0.0,0.0,0.47792935371398926,0.0,-0.0,0.0,0.5
151,0.6291666666666667,0.0,0.0,0.4794699251651764,0.0,-0.0,0.0,0.5
152,0.6333333333333333,0.0,0.0,0.4809918999671936,0.0,-0.0,0.0,0.5
153,0.6375,0.0,0.0,0.48249551653862,0.0,-0.0,0.0,0.5
154,0.6416666666666667,0.0,0.0,0.4839809834957123,0.0,-0.0,0.0,0.5
155,0.6458333333333334,0.0,0.0,0.4854485094547272,0.0,-0.0,0.0,0.5
156,0.65,0.0,0.0,0.4868983030319214,0.0,-0.0,0.0,0.5
157,0.6541666666666667,0.0,0.0,0.48833057284355164,0.0,-0.0,0.0,0.5
158,0.6583333333333333,0.0,0.0,0.48974552750587463,0.0,-0.0,0.0,0.5
159,0.6625,0.0,0.0,0.4911433756351471,0.0,-0.0,0.0,0.5
160,0.6666666666666666,0.0,0.0,0.4925243556499481,0.0,-0.0,0.0,0.5
161,0.6708333333333333,0.0,0.0,0.49388864636421204,0.0,-0.0,0.0,0.5
162,0.675,0.0,0.0,0.49523642659187317,0.0,-0.0,0.0,0.5
163,0.6791666666666667,0.0,0.0,0.49656787514686584,0.0,-0.0,0.0,0.5
164,0.6833333333333333,0.0,0.0,0.49788323044776917,0.0,-0.0,0.0,0.5
165,0.6875,0.0,0.0,0.49918267130851746,0.0,-0.0,0.0,0.5
166,0.6916666666666667,0.0,0.0,0.5004664063453674,0.0,-0.0,0.0,0.5
167,0.6958333333333333,0.0,0.0,0.5017346143722534,0.0,-0.0,0.0,0.5
168,0.7,0.0,0.0,0.5029874444007874,0.0,-0.0,0.0,0.5
169,0.7041666666666667,0.0,0.0,0.5042251348495483,0.0,-0.0,0.0,0.5
170,0.7083333333333334,0.0,0.0,0.5054478049278259,0.0,-0.0,0.0,0.5
171,0.7125,0.0,0.0,0.5066556930541992,0.0,-0.0,0.0,0.5
172,0.7166666666666667,0.0,0.0,0.5078489184379578,0.0,-0.0,0.0,0.5
173,0.7208333333333333,0.0,0.0,0.5090277194976807,0.0,-0.0,0.0,0.5
174,0.725,0.0,0.0,0.5101922154426575,0.0,-0.0,0.0,0.5
175,0.7291666666666666,0.0,0.0,0.5113426446914673,0.0,-0.0,0.0,0.5
176,0.7333333333333333,0.0,0.0,0.5124791264533997,0.0,-0.0,0.0,0.5
177,0.7375,0.0,0.0,0.5136018395423889,0.0,-0.0,0.0,0.5
178,0.7416666666666667,0.0,0.0,0.5147109627723694,0.0,-0.0,0.0,0.5
179,0.7458333333333333,0.0,0.0,0.5158066153526306,0.0,-0.0,0.0,0.5
180,0.75,0.0,0.0,0.5168889760971069,0.0,-0.0,0.0,0.5
181,0.7541666666666667,0.0,0.0,0.5179582238197327,0.0,-0.0,0.0,0.5
182,0.7583333333333333,0.0,0.0,0.5190145373344421,0.0,-0.0,0.0,0.5
183,0.7625,0.0,0.0,0.5200580358505249,0.0,-0.0,0.0,0.5
184,0.7666666666666667,0.0,0.0,0.5210888981819153,0.0,-0.0,0.0,0.5
185,0.7708333333333334,0.0,0.0,0.5221072435379028,0.0,-0.0,0.0,0.5
186,0.775,0.0,0.0,0.5231132507324219,0.0,-0.0,0.0,0.5
187,0.7791666666666667,0.0,0.0,0.5241070985794067,0.0,-0.0,0.0,0.5
188,0.7833333333333333,0.0,0.0,0.525088906288147,0.0,-0.0,0.0,0.5
189,0.7875,0.0,0.0,0.5260587930679321,0.0,-0.0,0.0,0.5
190,0.7916666666666666,0.0,0.0,0.5270168781280518,0.0,-0.0,0.0,0.5
191,0.7958333333333333,0.0,0.0,0.527963399887085,0.0,-0.0,0.0,0.5
192,0.8,0.0,0.0,0.5288984179496765,0.0,-0.0,0.0,0.5
193,0.8041666666666667,0.0,0.0,0.529822051525116,0.0,-0.0,0.0,0.5
194,0.8083333333333333,0.0,0.0,0.5307344794273376,0.0,-0.0,0.0,0.5
195,0.8125,0.0,0.0,0.5316358804702759,0.0,-0.0,0.0,0.5
196,0.8166666666666667,0.0,0.0,0.5325263738632202,0.0,-0.0,0.0,0.5
197,0.8208333333333333,0.0,0.0,0.5334060192108154,0.0,-0.0,0.0,0.5
198,0.825,0.0,0.0,0.5342750549316406,0.0,-0.0,0.0,0.5
199,0.8291666666666667,0.0,0.0,0.5351334810256958,0.0,-0.0,0.0,0.5
200,0.8333333333333334,0.0,0.0,0.5359815359115601,0.0,-0.0,0.0,0.5
201,0.8375,0.0,0.0,0.536819338798523,0.0,-0.0,0.0,0.5
202,0.8416666666666667,0.0,0.0,0.5376468896865845,0.0,-0.0,0.0,0.5
203,0.8458333333333333,0.0,0.0,0.5384644269943237,0.0,-0.0,0.0,0.5
204,0.85,0.0,0.0,0.5392720699310303,0.0,-0.0,0.0,0.5
205,0.8541666666666666,0.0,0.0,0.5400699377059937,0.0,-0.0,0.0,0.5
206,0.8583333333333333,0.0,0.0,0.5408581495285034,0.0,-0.0,0.0,0.5
207,0.8625,0.0,0.0,0.5416367053985596,0.0,-0.0,0.0,0.5
208,0.8666666666666667,0.0,0.0,0.5424058437347412,0.0,-0.0,0.0,0.5
209,0.8708333333333333,0.0,0.0,0.5431656837463379,0.0,-0.0,0.0,0.5
210,0.875,0.0,0.0,0.5439162850379944,0.0,-0.0,0.0,0.5
211,0.8791666666666667,0.0,0.0,0.5446577668190002,0.0,-0.0,0.0,0.5
212,0.8833333333333333,0.0,0.0,0.5453903079032898,0.0,-0.0,0.0,0.5
213,0.8875,0.0,0.0,0.546113908290863,0.0,-0.0,0.0,0.5
214,0.8916666666666667,0.0,0.0,0.5468286871910095,0.0,-0.0,0.0,0.5
215,0.8958333333333334,0.0,0.0,0.5475348234176636,0.0,-0.0,0.0,0.5
216,0.9,0.0,0.0,0.5482324361801147,0.0,-0.0,0.0,0.5
217,0.9041666666666667,0.0,0.0,0.5489215850830078,0.0,-0.0,0.0,0.5
218,0.9083333333333333,0.0,0.0,0.5496023297309875,0.0,-0.0,0.0,0.5
219,0.9125,0.0,0.0,0.5502747893333435,0.0,-0.0,0.0,0.5
220,0.9166666666666666,0.0,0.0,0.55093914270401,0.0,-0.0,0.0,0.5
221,0.9208333333333333,0.0,0.0,0.5515953898429871,0.0,-0.0,0.0,0.5
222,0.925,0.0,0.0,0.5522436499595642,0.0,-0.0,0.0,0.5
223,0.9291666666666667,0.0,0.0,0.552884042263031,0.0,-0.0,0.0,0.5
224,0.9333333333333333,0.0,0.0,0.553516685962677,0.0,-0.0,0.0,0.5
225,0.9375,0.0,0.0,0.5541417002677917,0.0,-0.0,0.0,0.5
226,0.9416666666666667,0.0,0.0,0.5547590851783752,0.0,-0.0,0.0,0.5
227,0.9458333333333333,0.0,0.0,0.555368959903717,0.0,-0.0,0.0,0.5
228,0.95,0.0,0.0,0.5559714436531067,0.0,-0.0,0.0,0.5
229,0.9541666666666667,0.0,0.0,0.5565666556358337,0.0,-0.0,0.0,0.5
230,0.9583333333333334,0.0,0.0,0.5571545958518982,0.0,-0.0,0.0,0.5
231,0.9625,0.0,0.0,0.5577353835105896,0.0,-0.0,0.0,0.5
232,0.9666666666666667,0.0,0.0,0.5583091378211975,0.0,-0.0,0.0,0.5
233,0.9708333333333333,0.0,0.0,0.5588759183883667,0.0,-0.0,0.0,0.5
234,0.975,0.0,0.0,0.5594358444213867,0.0,-0.0,0.0,0.5
235,0.9791666666666666,0.0,0.0,0.5599889755249023,0.0,-0.0,0.0,0.5
236,0.9833333333333333,0.0,0.0,0.5605353713035583,0.0,-0.0,0.0,0.5
237,0.9875,0.0,0.0,0.5610751509666443,0.0,-0.0,0.0,0.5
238,0.9916666666666667,0.0,0.0,0.5616083741188049,0.0,-0.0,0.0,0.5
239,0.9958333333333333,0.0,0.0,0.5621351003646851,0.0,-0.0,0.0,0.5
240,1.0,0.0,0.0,0.5626554489135742,0.0,-0.0,0.0,0.5
241,1.0041666666666667,0.0,0.0,0.5631694793701172,0.0,-0.0,0.0,0.5
242,1.0083333333333333,0.0,0.0,0.5636772513389587,0.0,-0.0,0.0,0.5
243,1.0125,0.0,0.0,0.5641788840293884,0.0,-0.0,0.0,0.5
244,1.0166666666666666,0.0,0.0,0.564674437046051,0.0,-0.0,0.0,0.5
245,1.0208333333333333,0.0,0.0,0.5651639699935913,0.0,-0.0,0.0,0.5
246,1.025,0.0,0.0,0.565647542476654,0.0,-0.0,0.0,0.5
247,1.0291666666666666,0.0,0.0,0.5661252737045288,0.0,-0.0,0.0,0.5
248,1.0333333333333334,0.0,0.0,0.5665971636772156,0.0,-0.0,0.0,0.5
249,1.0375,0.0,0.0,0.5670633316040039,0.0,-0.0,0.0,0.5
250,1.0416666666666667,0.0,0.0,0.5675238370895386,0.0,-0.0,0.0,0.5
251,1.0458333333333334,0.0,0.0,0.5679787397384644,0.0,-0.0,0.0,0.5
252,1.05,0.0,0.0,0.5684281587600708,0.0,-0.0,0.0,0.5
253,1.0541666666666667,0.0,0.0,0.5688720941543579,0.0,-0.0,0.0,0.5
254,1.0583333333333333,0.0,0.0,0.5693106651306152,0.0,-0.0,0.0,0.5
255,1.0625,0.0,0.0,0.5697439312934875,0.0,-0.0,0.0,0.5
256,1.0666666666666667,0.0,0.0,0.5701718926429749,0.0,-0.0,0.0,0.5
257,1.0708333333333333,0.0,0.0,0.5705946683883667,0.0,-0.0,0.0,0.5
258,1.075,0.0,0.0,0.5710123181343079,0.0,-0.0,0.0,0.5
259,1.0791666666666666,0.0,0.0,0.5714249014854431,0.0,-0.0,0.0,0.5
260,1.0833333333333333,0.0,0.0,0.5718324184417725,0.0,-0.0,0.0,0.5
261,1.0875,0.0,0.0,0.5722350478172302,0.0,-0.0,0.0,0.5
262,1.0916666666666666,0.0,0.0,0.5726327896118164,0.0,-0.0,0.0,0.5
263,1.0958333333333334,0.0,0.0,0.573025643825531,0.0,-0.0,0.0,0.5
264,1.1,0.0,0.0,0.5734137296676636,0.0,-0.0,0.0,0.5
265,1.1041666666666667,0.0,0.0,0.5737971663475037,0.0,-0.0,0.0,0.5
266,1.1083333333333334,0.0,0.0,0.5741759538650513,0.0,-0.0,0.0,0.5
267,1.1125,0.0,0.0,0.5745500922203064,0.0,-0.0,0.0,0.5
268,1.1166666666666667,0.0,0.0,0.5749197006225586,0.0,-0.0,0.0,0.5
269,1.1208333333333333,0.0,0.0,0.5752847790718079,0.0,-0.0,0.0,0.5
270,1.125,0.0,0.0,0.5756454467773438,0.0,-0.0,0.0,0.5
271,1.1291666666666667,0.0,0.0,0.5760017037391663,0.0,-0.0,0.0,0.5
272,1.1333333333333333,0.0,0.0,0.5763536691665649,0.0,-0.0,0.0,0.5
273,1.1375,0.0,0.0,0.5767013430595398,0.0,-0.0,0.0,0.5
274,1.1416666666666666,0.0,0.0,0.5770448446273804,0.0,-0.0,0.0,0.5
275,1.1458333333333333,0.0,0.0,0.5773841738700867,0.0,-0.0,0.0,0.5
276,1.15,0.0,0.0,0.5777193307876587,0.0,-0.0,0.0,0.5
277,1.1541666666666666,0.0,0.0,0.578050434589386,0.0,-0.0,0.0,0.5
278,1.1583333333333334,0.0,0.0,0.5783774852752686,0.0,-0.0,0.0,0.5
279,1.1625,0.0,0.0,0.578700602054596,0.0,-0.0,0.0,0.5
280,1.1666666666666667,0.0,0.0,0.5790197849273682,0.0,-0.0,0.0,0.5
281,1.1708333333333334,0.0,0.0,0.57933509349823,0.0,-0.0,0.0,0.5
282,1.175,0.0,0.0,0.5796465873718262,0.0,-0.0,0.0,0.5
283,1.1791666666666667,0.0,0.0,0.5799543261528015,0.0,-0.0,0.0,0.5
284,1.1833333333333333,0.0,0.0,0.5802582502365112,0.0,-0.0,0.0,0.5
285,1.1875,0.0,0.0,0.5805584788322449,0.0,-0.0,0.0,0.5
286,1.1916666666666667,0.0,0.0,0.580855131149292,0.0,-0.0,0.0,0.5
287,1.1958333333333333,0.0,0.0,0.5811481475830078,0.0,-0.0,0.0,0.5
288,1.2,0.0,0.0,0.5814376473426819,0.0,-0.0,0.0,0.5
289,1.2041666666666666,0.0,0.0,0.5817235708236694,0.0,-0.0,0.0,0.5
290,1.2083333333333333,0.0,0.0,0.58200603723526,0.0,-0.0,0.0,0.5
291,1.2125,0.0,0.0,0.5822850465774536,0.0,-0.0,0.0,0.5
292,1.2166666666666666,0.0,0.0,0.5825607180595398,0.0,-0.0,0.0,0.5
293,1.2208333333333334,0.0,0.0,0.5828330516815186,0.0,-0.0,0.0,0.5
294,1.225,0.0,0.0,0.5831020474433899,0.0,-0.0,0.0,0.5
295,1.2291666666666667,0.0,0.0,0.5833678245544434,0.0,-0.0,0.0,0.5
296,1.2333333333333334,0.0,0.0,0.583630383014679,0.0,-0.0,0.0,0.5
297,1.2375,0.0,0.0,0.5838897228240967,0.0,-0.0,0.0,0.5
298,1.2416666666666667,0.0,0.0,0.5841458439826965,0.0,-0.0,0.0,0.5
299,1.2458333333333333,0.0,0.0,0.5843988656997681,0.0,-0.0,0.0,0.5
300,1.25,0.0,0.0,0.584648847579956,0.0,-0.0,0.0,0.5
301,1.2541666666666667,0.0,0.0,0.5848957896232605,0.0,-0.0,0.0,0.5
302,1.2583333333333333,0.0,0.0,0.5851397514343262,0.0,-0.0,0.0,0.5
303,1.2625,0.0,0.0,0.5853807330131531,0.0,-0.0,0.0,0.5
304,1.2666666666666666,0.0,0.0,0.5856187343597412,0.0,-0.0,0.0,0.5
305,1.2708333333333333,0.0,0.0,0.5858538746833801,0.0,-0.0,0.0,0.5
306,1.275,0.0,0.0,0.5860861539840698,0.0,-0.0,0.0,0.5
307,1.2791666666666666,0.0,0.0,0.5863156914710999,0.0,-0.0,0.0,0.5
308,1.2833333333333334,0.0,0.0,0.5865423679351807,0.0,-0.0,0.0,0.5
309,1.2875,0.0,0.0,0.5867663025856018,0.0,-0.0,0.0,0.5
310,1.2916666666666667,0.0,0.0,0.5869874954223633,0.0,-0.0,0.0,0.5
311,1.2958333333333334,0.0,0.0,0.5872060656547546,0.0,-0.0,0.0,0.5
312,1.3,0.0,0.0,0.5874218940734863,0.0,-0.0,0.0,0.5
313,1.3041666666666667,0.0,0.0,0.5876350998878479,0.0,-0.0,0.0,0.5
314,1.3083333333333333,0.0,0.0,0.5878458023071289,0.0,-0.0,0.0,0.5
315,1.3125,0.0,0.0,0.5880538821220398,0.0,-0.0,0.0,0.5
316,1.3166666666666667,0.0,0.0,0.5882594585418701,0.0,-0.0,0.0,0.5
317,1.3208333333333333,0.0,0.0,0.5884625315666199,0.0,-0.0,0.0,0.5
318,1.325,0.0,0.0,0.5886631011962891,0.0,-0.0,0.0,0.5
319,1.3291666666666666,0.0,0.0,0.5888612866401672,0.0,-0.0,0.0,0.5
320,1.3333333333333333,0.0,0.0,0.5890570878982544,0.0,-0.0,0.0,0.5
321,1.3375,0.0,0.0,0.5892505049705505,0.0,-0.0,0.0,0.5
322,1.3416666666666666,0.0,0.0,0.5894415378570557,0.0,-0.0,0.0,0.5
323,1.3458333333333334,0.0,0.0,0.5896303057670593,0.0,-0.0,0.0,0.5
324,1.35,0.0,0.0,0.589816689491272,0.0,-0.0,0.0,0.5
325,1.3541666666666667,0.0,0.0,0.5900008082389832,0.0,-0.0,0.0,0.5
326,1.3583333333333334,0.0,0.0,0.5901827812194824,0.0,-0.0,0.0,0.5
327,1.3625,0.0,0.0,0.5903624892234802,0.0,-0.0,0.0,0.5
328,1.3666666666666667,0.0,0.0,0.5905400514602661,0.0,-0.0,0.0,0.5
329,1.3708333333333333,0.0,0.0,0.5907154679298401,0.0,-0.0,0.0,0.5
330,1.375,0.0,0.0,0.5908887386322021,0.0,-0.0,0.0,0.5
331,1.3791666666666667,0.0,0.0,0.5910598635673523,0.0,-0.0,0.0,0.5
332,1.3833333333333333,0.0,0.0,0.5912289619445801,0.0,-0.0,0.0,0.5
333,1.3875,0.0,0.0,0.591395914554596,0.0,-0.0,0.0,0.5
334,1.3916666666666666,0.0,0.0,0.5915608406066895,0.0,-0.0,0.0,0.5
335,1.3958333333333333,0.0,0.0,0.5917238593101501,0.0,-0.0,0.0,0.5
336,1.4,0.0,0.0,0.5918848514556885,0.0,-0.0,0.0,0.5
337,1.4041666666666666,0.0,0.0,0.592043936252594,0.0,-0.0,0.0,0.5
338,1.4083333333333334,0.0,0.0,0.5922009944915771,0.0,-0.0,0.0,0.5
339,1.4125,0.0,0.0,0.5923561453819275,0.0,-0.0,0.0,0.5
340,1.4166666666666667,0.0,0.0,0.5925095081329346,0.0,-0.0,0.0,0.5
341,1.4208333333333334,0.0,0.0,0.5926609635353088,0.0,-0.0,0.0,0.5
342,1.425,0.0,0.0,0.5928105711936951,0.0,-0.0,0.0,0.5
343,1.4291666666666667,0.0,0.0,0.5929583311080933,0.0,-0.0,0.0,0.5
344,1.4333333333333333,0.0,0.0,0.5931043028831482,0.0,-0.0,0.0,0.5
345,1.4375,0.0,0.0,0.5932484865188599,0.0,-0.0,0.0,0.5
346,1.4416666666666667,0.0,0.0,0.5933910012245178,0.0,-0.0,0.0,0.5
347,1.4458333333333333,0.0,0.0,0.5935317277908325,0.0,-0.0,0.0,0.5
348,1.45,0.0,0.0,0.5936707854270935,0.0,-0.0,0.0,0.5
349,1.4541666666666666,0.0,0.0,0.5938081741333008,0.0,-0.0,0.0,0.5
350,1.4583333333333333,0.0,0.0,0.5939438939094543,0.0,-0.0,0.0,0.5
351,1.4625,0.0,0.0,0.5940779447555542,0.0,-0.0,0.0,0.5
352,1.4666666666666666,0.0,0.0,0.5942103266716003,0.0,-0.0,0.0,0.5
353,1.4708333333333334,0.0,0.0,0.5943411588668823,0.0,-0.0,0.0,0.5
354,1.475,0.0,0.0,0.5944703221321106,0.0,-0.0,0.0,0.5
355,1.4791666666666667,0.0,0.0,0.5945979356765747,0.0,-0.0,0.0,0.5
356,1.4833333333333334,0.0,0.0,0.5947239995002747,0.0,-0.0,0.0,0.5
357,1.4875,0.0,0.0,0.5948485136032104,0.0,-0.0,0.0,0.5
358,1.4916666666666667,0.0,0.0,0.5949715971946716,0.0,-0.0,0.0,0.5
359,1.4958333333333333,0.0,0.0,0.5950931310653687,0.0,-0.0,0.0,0.5
360,1.5,0.0,0.0,0.5952132344245911,0.0,-0.0,0.0,0.5
361,1.5041666666666667,0.0,0.0,0.5953317880630493,0.0,-0.0,0.0,0.5
362,1.5083333333333333,0.0,0.0,0.595448911190033,0.0,-0.0,0.0,0.5
363,1.5125,0.0,0.0,0.595564603805542,0.0,-0.0,0.0,0.5
364,1.5166666666666666,0.0,0.0,0.595678985118866,0.0,-0.0,0.0,0.5
365,1.5208333333333333,0.0,0.0,0.5957919359207153,0.0,-0.0,0.0,0.5
366,1.525,0.0,0.0,0.5959034562110901,0.0,-0.0,0.0,0.5
367,1.5291666666666666,0.0,0.0,0.5960136651992798,0.0,-0.0,0.0,0.5
368,1.5333333333333334,0.0,0.0,0.5961225628852844,0.0,-0.0,0.0,0.5
369,1.5375,0.0,0.0,0.596230149269104,0.0,-0.0,0.0,0.5
370,1.5416666666666667,0.0,0.0,0.5963364243507385,0.0,-0.0,0.0,0.5
371,1.5458333333333334,0.0,0.0,0.596441388130188,0.0,-0.0,0.0,0.5
372,1.55,0.0,0.0,0.5965450406074524,0.0,-0.0,0.0,0.5
373,1.5541666666666667,0.0,0.0,0.5966475009918213,0.0,-0.0,0.0,0.5
374,1.5583333333333333,0.0,0.0,0.5967486500740051,0.0,-0.0,0.0,0.5
375,1.5625,0.0,0.0,0.5968486070632935,0.0,-0.0,0.0,0.5
376,1.5666666666666667,0.0,0.0,0.5969473719596863,0.0,-0.0,0.0,0.5
377,1.5708333333333333,0.0,0.0,0.5970449447631836,0.0,-0.0,0.0,0.5
378,1.575,0.0,0.0,0.5971413254737854,0.0,-0.0,0.0,0.5
379,1.5791666666666666,0.0,0.0,0.5972365140914917,0.0,-0.0,0.0,0.5
380,1.5833333333333333,0.0,0.0,0.5973305106163025,0.0,-0.0,0.0,0.5
381,1.5875,0.0,0.0,0.5974234342575073,0.0,-0.0,0.0,0.5
382,1.5916666666666666,0.0,0.0,0.5975151658058167,0.0,-0.0,0.0,0.5
383,1.5958333333333334,0.0,0.0,0.59760582447052,0.0,-0.0,0.0,0.5
384,1.6,0.0,0.0,0.5976953506469727,0.0,-0.0,0.0,0.5
385,1.6041666666666667,0.0,0.0,0.5977838039398193,0.0,-0.0,0.0,0.5
386,1.6083333333333334,0.0,0.0,0.5978711247444153,0.0,-0.0,0.0,0.5
387,1.6125,0.0,0.0,0.59795743227005,0.0,-0.0,0.0,0.5
388,1.6166666666666667,0.0,0.0,0.5980427265167236,0.0,-0.0,0.0,0.5
389,1.6208333333333333,0.0,0.0,0.5981269478797913,0.0,-0.0,0.0,0.5
390,1.625,0.0,0.0,0.5982101559638977,0.0,-0.0,0.0,0.5
391,1.6291666666666667,0.0,0.0,0.598292350769043,0.0,-0.0,0.0,0.5
392,1.6333333333333333,0.0,0.0,0.598373532295227,0.0,-0.0,0.0,0.5
393,1.6375,0.0,0.0,0.59845370054245,0.0,-0.0,0.0,0.5
394,1.6416666666666666,0.0,0.0,0.5985329151153564,0.0,-0.0,0.0,0.5
395,1.6458333333333333,0.0,0.0,0.5986111760139465,0.0,-0.0,0.0,0.5
396,1.65,0.0,0.0,0.5986884832382202,0.0,-0.0,0.0,0.5
397,1.6541666666666666,0.0,0.0,0.5987648367881775,0.0,-0.0,0.0,0.5
398,1.6583333333333334,0.0,0.0,0.5988402962684631,0.0,-0.0,0.0,0.5
399,1.6625,0.0,0.0,0.5989148616790771,0.0,-0.0,0.0,0.5
400,1.6666666666666667,0.0,0.0,0.5989884734153748,0.0,-0.0,0.0,0.5
401,1.6708333333333334,0.0,0.0,0.5990612506866455,0.0,-0.0,0.0,0.5
402,1.675,0.0,0.0,0.5991330742835999,0.0,-0.0,0.0,0.5
403,1.6791666666666667,0.0,0.0,0.5992040634155273,0.0,-0.0,0.0,0.5
404,1.6833333333333333,0.0,0.0,0.599274218082428,0.0,-0.0,0.0,0.5
405,1.6875,0.0,0.0,0.599343478679657,0.0,-0.0,0.0,0.5
406,1.6916666666666667,0.0,0.0,0.5994119048118591,0.0,-0.0,0.0,0.5
407,1.6958333333333333,0.0,0.0,0.5994794964790344,0.0,-0.0,0.0,0.5
408,1.7,0.0,0.0,0.5995462536811829,0.0,-0.0,0.0,0.5
409,1.7041666666666666,0.0,0.0,0.5996122360229492,0.0,-0.0,0.0,0.5
410,1.7083333333333333,0.0,0.0,0.5996773838996887,0.0,-0.0,0.0,0.5
411,1.7125,0.0,0.0,0.5997417569160461,0.0,-0.0,0.0,0.5
412,1.7166666666666666,0.0,0.0,0.5998053550720215,0.0,-0.0,0.0,0.5
413,1.7208333333333334,0.0,0.0,0.59986811876297,0.0,-0.0,0.0,0.5
414,1.725,0.0,0.0,0.5999301671981812,0.0,-0.0,0.0,0.5
415,1.7291666666666667,0.0,0.0,0.599991500377655,0.0,-0.0,0.0,0.5
416,1.7333333333333334,0.0,0.0,0.6000520586967468,0.0,-0.0,0.0,0.5
417,1.7375,0.0,0.0,0.6001118421554565,0.0,-0.0,0.0,0.5
418,1.7416666666666667,0.0,0.0,0.600170910358429,0.0,-0.0,0.0,0.5
419,1.7458333333333333,0.0,0.0,0.6002292633056641,0.0,-0.0,0.0,0.5
420,1.75,0.0,0.0,0.6002869009971619,0.0,-0.0,0.0,0.5
421,1.7541666666666667,0.0,0.0,0.6003438234329224,0.0,-0.0,0.0,0.5
422,1.7583333333333333,0.0,0.0,0.6004000902175903,0.0,-0.0,0.0,0.5
423,1.7625,0.0,0.0,0.6004557013511658,0.0,-0.0,0.0,0.5
424,1.7666666666666666,0.0,0.0,0.6005105972290039,0.0,-0.0,0.0,0.5
425,1.7708333333333333,0.0,0.0,0.6005648374557495,0.0,-0.0,0.0,0.5
426,1.775,0.0,0.0,0.6006184220314026,0.0,-0.0,0.0,0.5
427,1.7791666666666666,0.0,0.0,0.6006713509559631,0.0,-0.0,0.0,0.5
428,1.7833333333333334,0.0,0.0,0.6007236242294312,0.0,-0.0,0.0,0.5
429,1.7875,0.0,0.0,0.6007753014564514,0.0,-0.0,0.0,0.5
430,1.7916666666666667,0.0,0.0,0.6008263230323792,0.0,-0.0,0.0,0.5
431,1.7958333333333334,0.0,0.0,0.6008766889572144,0.0,-0.0,0.0,0.5
432,1.8,0.0,0.0,0.6009264588356018,0.0,-0.0,0.0,0.5
433,1.8041666666666667,0.0,0.0,0.6009756326675415,0.0,-0.0,0.0,0.5
434,1.8083333333333333,0.0,0.0,0.6010242104530334,0.0,-0.0,0.0,0.5
435,1.8125,0.0,0.0,0.6010721921920776,0.0,-0.0,0.0,0.5
436,1.8166666666666667,0.0,0.0,0.6011195778846741,0.0,-0.0,0.0,0.5
437,1.8208333333333333,0.0,0.0,0.6011664271354675,0.0,-0.0,0.0,0.5
438,1.825,0.0,0.0,0.601212739944458,0.0,-0.0,0.0,0.5
439,1.8291666666666666,0.0,0.0,0.6012584567070007,0.0,-0.0,0.0,0.5
440,1.8333333333333333,0.0,0.0,0.6013035774230957,0.0,-0.0,0.0,0.5
441,1.8375,0.0,0.0,0.6013482213020325,0.0,-0.0,0.0,0.5
442,1.8416666666666666,0.0,0.0,0.6013922691345215,0.0,-0.0,0.0,0.5
443,1.8458333333333334,0.0,0.0,0.6014358401298523,0.0,-0.0,0.0,0.5
444,1.85,0.0,0.0,0.6014788150787354,0.0,-0.0,0.0,0.5
445,1.8541666666666667,0.0,0.0,0.6015213131904602,0.0,-0.0,0.0,0.5
446,1.8583333333333334,0.0,0.0,0.6015632748603821,0.0,-0.0,0.0,0.5
447,1.8625,0.0,0.0,0.601604700088501,0.0,-0.0,0.0,0.5
448,1.8666666666666667,0.0,0.0,0.6016456484794617,0.0,-0.0,0.0,0.5
449,1.8708333333333333,0.0,0.0,0.6016861200332642,0.0,-0.0,0.0,0.5
450,1.875,0.0,0.0,0.6017261147499084,0.0,-0.0,0.0,0.5
451,1.8791666666666667,0.0,0.0,0.6017655730247498,0.0,-0.0,0.0,0.5
452,1.8833333333333333,0.0,0.0,0.6018045544624329,0.0,-0.0,0.0,0.5
453,1.8875,0.0,0.0,0.6018430590629578,0.0,-0.0,0.0,0.5
454,1.8916666666666666,0.0,0.0,0.6018811464309692,0.0,-0.0,0.0,0.5
455,1.8958333333333333,0.0,0.0,0.6019187569618225,0.0,-0.0,0.0,0.5
456,1.9,0.0,0.0,0.6019558906555176,0.0,-0.0,0.0,0.5
457,1.9041666666666666,0.0,0.0,0.6019925475120544,0.0,-0.0,0.0,0.5
458,1.9083333333333334,0.0,0.0,0.6020287871360779,0.0,-0.0,0.0,0.5
459,1.9125,0.0,0.0,0.6020646095275879,0.0,-0.0,0.0,0.5
460,1.9166666666666667,0.0,0.0,0.6020999550819397,0.0,-0.0,0.0,0.5
461,1.9208333333333334,0.0,0.0,0.6021348834037781,0.0,-0.0,0.0,0.5
462,1.925,0.0,0.0,0.602169394493103,0.0,-0.0,0.0,0.5
463,1.9291666666666667,0.0,0.0,0.6022034883499146,0.0,-0.0,0.0,0.5
464,1.9333333333333333,0.0,0.0,0.6022371649742126,0.0,-0.0,0.0,0.5
465,1.9375,0.0,0.0,0.6022704243659973,0.0,-0.0,0.0,0.5
466,1.9416666666666667,0.0,0.0,0.6023032665252686,0.0,-0.0,0.0,0.5
467,1.9458333333333333,0.0,0.0,0.6023357510566711,0.0,-0.0,0.0,0.5
468,1.95,0.0,0.0,0.6023678183555603,0.0,-0.0,0.0,0.5
469,1.9541666666666666,0.0,0.0,0.602399468421936,0.0,-0.0,0.0,0.5
470,1.9583333333333333,0.0,0.0,0.6024307608604431,0.0,-0.0,0.0,0.5
471,1.9625,0.0,0.0,0.6024616956710815,0.0,-0.0,0.0,0.5
472,1.9666666666666666,0.0,0.0,0.6024922728538513,0.0,-0.0,0.0,0.5
473,1.9708333333333334,0.0,0.0,0.6025224328041077,0.0,-0.0,0.0,0.5
474,1.975,0.0,0.0,0.6025522351264954,0.0,-0.0,0.0,0.5
475,1.9791666666666667,0.0,0.0,0.6025816798210144,0.0,-0.0,0.0,0.5
476,1.9833333333333334,0.0,0.0,0.6026107668876648,0.0,-0.0,0.0,0.5
477,1.9875,0.0,0.0,0.6026394963264465,0.0,-0.0,0.0,0.5
478,1.9916666666666667,0.0,0.0,0.6026678681373596,0.0,-0.0,0.0,0.5
479,1.9958333333333333,0.0,0.0,0.602695882320404,0.0,-0.0,0.0,0.5
480,2.0,0.0,0.0,0.6027235984802246,0.0,-0.0,0.0,0.5
481,2.004166666666667,0.0,0.0,0.6027509570121765,0.0,-0.0,0.0,0.5
482,2.0083333333333333,0.0,0.0,0.6027779579162598,0.0,-0.0,0.0,0.5
483,2.0125,0.0,0.0,0.6028046607971191,0.0,-0.0,0.0,0.5
484,2.0166666666666666,0.0,0.0,0.6028310656547546,0.0,-0.0,0.0,0.5
485,2.0208333333333335,0.0,0.0,0.6028571128845215,0.0,-0.0,0.0,0.5
486,2.025,0.0,0.0,0.6028828024864197,0.0,-0.0,0.0,0.5
487,2.029166666666667,0.0,0.0,0.6029082536697388,0.0,-0.0,0.0,0.5
488,2.033333333333333,0.0,0.0,0.6029333472251892,0.0,-0.0,0.0,0.5
489,2.0375,0.0,0.0,0.6029581427574158,0.0,-0.0,0.0,0.5
490,2.0416666666666665,0.0,0.0,0.6029826402664185,0.0,-0.0,0.0,0.5
491,2.0458333333333334,0.0,0.0,0.6030068397521973,0.0,-0.0,0.0,0.5
492,2.05,0.0,0.0,0.6030307412147522,0.0,-0.0,0.0,0.5
493,2.0541666666666667,0.0,0.0,0.6030543446540833,0.0,-0.0,0.0,0.5
494,2.058333333333333,0.0,0.0,0.6030776500701904,0.0,-0.0,0.0,0.5
495,2.0625,0.0,0.0,0.6031007170677185,0.0,-0.0,0.0,0.5
496,2.066666666666667,0.0,0.0,0.6031234860420227,0.0,-0.0,0.0,0.5
497,2.0708333333333333,0.0,0.0,0.603145956993103,0.0,-0.0,0.0,0.5
498,2.075,0.0,0.0,0.6031681895256042,0.0,-0.0,0.0,0.5
499,2.0791666666666666,0.0,0.0,0.6031901240348816,0.0,-0.0,0.0,0.5
500,2.0833333333333335,0.0,0.0,0.6032118201255798,0.0,-0.0,0.0,0.5
501,2.0875,0.0,0.0,0.6032332181930542,0.0,-0.0,0.0,0.5
502,2.091666666666667,0.0,0.0,0.6032543778419495,0.0,-0.0,0.0,0.5
503,2.095833333333333,0.0,0.0,0.6032752990722656,0.0,-0.0,0.0,0.5
504,2.1,0.0,0.0,0.6032959818840027,0.0,-0.0,0.0,0.5
505,2.1041666666666665,0.0,0.0,0.6033163666725159,0.0,-0.0,0.0,0.5
506,2.1083333333333334,0.0,0.0,0.60333651304245,0.0,-0.0,0.0,0.5
507,2.1125,0.0,0.0,0.6033564209938049,0.0,-0.0,0.0,0.5
508,2.1166666666666667,0.0,0.0,0.6033760905265808,0.0,-0.0,0.0,0.5
509,2.120833333333333,0.0,0.0,0.6033955216407776,0.0,-0.0,0.0,0.5
510,2.125,0.0,0.0,0.6034147143363953,0.0,-0.0,0.0,0.5
511,2.129166666666667,0.0,0.0,0.6034336686134338,0.0,-0.0,0.0,0.5
512,2.1333333333333333,0.0,0.0,0.6034523844718933,0.0,-0.0,0.0,0.5
513,2.1375,0.0,0.0,0.6034709215164185,0.0,-0.0,0.0,0.5
514,2.1416666666666666,0.0,0.0,0.6034892201423645,0.0,-0.0,0.0,0.5
515,2.1458333333333335,0.0,0.0,0.6035072803497314,0.0,-0.0,0.0,0.5
516,2.15,0.0,0.0,0.6035251021385193,0.0,-0.0,0.0,0.5
517,2.154166666666667,0.0,0.0,0.603542685508728,0.0,-0.0,0.0,0.5
518,2.158333333333333,0.0,0.0,0.6035600900650024,0.0,-0.0,0.0,0.5
519,2.1625,0.0,0.0,0.6035773158073425,0.0,-0.0,0.0,0.5
520,2.1666666666666665,0.0,0.0,0.6035943031311035,0.0,-0.0,0.0,0.5
521,2.1708333333333334,0.0,0.0,0.6036110520362854,0.0,-0.0,0.0,0.5
522,2.175,0.0,0.0,0.603627622127533,0.0,-0.0,0.0,0.5
523,2.1791666666666667,0.0,0.0,0.6036440134048462,0.0,-0.0,0.0,0.5
524,2.183333333333333,0.0,0.0,0.6036601662635803,0.0,-0.0,0.0,0.5
525,2.1875,0.0,0.0,0.6036761403083801,0.0,-0.0,0.0,0.5
526,2.191666666666667,0.0,0.0,0.6036919355392456,0.0,-0.0,0.0,0.5
527,2.1958333333333333,0.0,0.0,0.603707492351532,0.0,-0.0,0.0,0.5
528,2.2,0.0,0.0,0.6037229299545288,0.0,-0.0,0.0,0.5
529,2.2041666666666666,0.0,0.0,0.6037381291389465,0.0,-0.0,0.0,0.5
530,2.2083333333333335,0.0,0.0,0.6037531495094299,0.0,-0.0,0.0,0.5
531,2.2125,0.0,0.0,0.603767991065979,0.0,-0.0,0.0,0.5
532,2.216666666666667,0.0,0.0,0.6037826538085938,0.0,-0.0,0.0,0.5
533,2.220833333333333,0.0,0.0,0.6037971377372742,0.0,-0.0,0.0,0.5
534,2.225,0.0,0.0,0.6038114428520203,0.0,-0.0,0.0,0.5
535,2.2291666666666665,0.0,0.0,0.603825569152832,0.0,-0.0,0.0,0.5
536,2.2333333333333334,0.0,0.0,0.6038395166397095,0.0,-0.0,0.0,0.5
537,2.2375,0.0,0.0,0.6038532853126526,0.0,-0.0,0.0,0.5
538,2.2416666666666667,0.0,0.0,0.6038669347763062,0.0,-0.0,0.0,0.5
539,2.245833333333333,0.0,0.0,0.6038804054260254,0.0,-0.0,0.0,0.5
540,2.25,0.0,0.0,0.6038936972618103,0.0,-0.0,0.0,0.5
541,2.254166666666667,0.0,0.0,0.6039068698883057,0.0,-0.0,0.0,0.5
542,2.2583333333333333,0.0,0.0,0.6039198040962219,0.0,-0.0,0.0,0.5
543,2.2625,0.0,0.0,0.6039326190948486,0.0,-0.0,0.0,0.5
544,2.2666666666666666,0.0,0.0,0.6039453148841858,0.0,-0.0,0.0,0.5
545,2.2708333333333335,0.0,0.0,0.6039578318595886,0.0,-0.0,0.0,0.5
546,2.275,0.0,0.0,0.6039701700210571,0.0,-0.0,0.0,0.5
547,2.279166666666667,0.0,0.0,0.6039823889732361,0.0,-0.0,0.0,0.5
548,2.283333333333333,0.0,0.0,0.6039944291114807,0.0,-0.0,0.0,0.5
549,2.2875,0.0,0.0,0.6040063500404358,0.0,-0.0,0.0,0.5
550,2.2916666666666665,0.0,0.0,0.6040180921554565,0.0,-0.0,0.0,0.5
551,2.2958333333333334,0.0,0.0,0.6040297150611877,0.0,-0.0,0.0,0.5
552,2.3,0.0,0.0,0.6040412187576294,0.0,-0.0,0.0,0.5
553,2.3041666666666667,0.0,0.0,0.6040526032447815,0.0,-0.0,0.0,0.5
554,2.308333333333333,0.0,0.0,0.6040638089179993,0.0,-0.0,0.0,0.5
555,2.3125,0.0,0.0,0.6040748357772827,0.0,-0.0,0.0,0.5
556,2.316666666666667,0.0,0.0,0.6040857434272766,0.0,-0.0,0.0,0.5
557,2.3208333333333333,0.0,0.0,0.604096531867981,0.0,-0.0,0.0,0.5
558,2.325,0.0,0.0,0.6041072010993958,0.0,-0.0,0.0,0.5
559,2.3291666666666666,0.0,0.0,0.604117751121521,0.0,-0.0,0.0,0.5
560,2.3333333333333335,0.0,0.0,0.6041281819343567,0.0,-0.0,0.0,0.5
561,2.3375,0.0,0.0,0.6041384935379028,0.0,-0.0,0.0,0.5
562,2.341666666666667,0.0,0.0,0.6041486859321594,0.0,-0.0,0.0,0.5
563,2.345833333333333,0.0,0.0,0.6041587591171265,0.0,-0.0,0.0,0.5
564,2.35,0.0,0.0,0.604168713092804,0.0,-0.0,0.0,0.5
565,2.3541666666666665,0.0,0.0,0.6041785478591919,0.0,-0.0,0.0,0.5
566,2.3583333333333334,0.0,0.0,0.6041882634162903,0.0,-0.0,0.0,0.5
567,2.3625,0.0,0.0,0.6041978597640991,0.0,-0.0,0.0,0.5
568,2.3666666666666667,0.0,0.0,0.6042073369026184,0.0,-0.0,0.0,0.5
569,2.370833333333333,0.0,0.0,0.6042166948318481,0.0,-0.0,0.0,0.5
570,2.375,0.0,0.0,0.6042259335517883,0.0,-0.0,0.0,0.5
571,2.379166666666667,0.0,0.0,0.604235053062439,0.0,-0.0,0.0,0.5
572,2.3833333333333333,0.0,0.0,0.6042440533638,0.0,-0.0,0.0,0.5
573,2.3875,0.0,0.0,0.6042529344558716,0.0,-0.0,0.0,0.5
574,2.3916666666666666,0.0,0.0,0.6042616963386536,0.0,-0.0,0.0,0.5
575,2.3958333333333335,0.0,0.0,0.604270339012146,0.0,-0.0,0.0,0.5
576,2.4,0.0,0.0,0.6042788624763489,0.0,-0.0,0.0,0.5
577,2.404166666666667,0.0,0.0,0.604287326335907,0.0,-0.0,0.0,0.5
578,2.408333333333333,0.0,0.0,0.6042956709861755,0.0,-0.0,0.0,0.5
579,2.4125,0.0,0.0,0.6043039560317993,0.0,-0.0,0.0,0.5
580,2.4166666666666665,0.0,0.0,0.6043121218681335,0.0,-0.0,0.0,0.5
581,2.4208333333333334,0.0,0.0,0.6043201684951782,0.0,-0.0,0.0,0.5
582,2.425,0.0,0.0,0.6043280959129333,0.0,-0.0,0.0,0.5
583,2.4291666666666667,0.0,0.0,0.6043359637260437,0.0,-0.0,0.0,0.5
584,2.433333333333333,0.0,0.0,0.6043437123298645,0.0,-0.0,0.0,0.5
585,2.4375,0.0,0.0,0.6043514013290405,0.0,-0.0,0.0,0.5
586,2.441666666666667,0.0,0.0,0.604358971118927,0.0,-0.0,0.0,0.5
587,2.4458333333333333,0.0,0.0,0.6043664216995239,0.0,-0.0,0.0,0.5
588,2.45,0.0,0.0,0.6043738126754761,0.0,-0.0,0.0,0.5
589,2.4541666666666666,0.0,0.0,0.6043811440467834,0.0,-0.0,0.0,0.5
590,2.4583333333333335,0.0,0.0,0.6043883562088013,0.0,-0.0,0.0,0.5
591,2.4625,0.0,0.0,0.6043954491615295,0.0,-0.0,0.0,0.5
592,2.466666666666667,0.0,0.0,0.604402482509613,0.0,-0.0,0.0,0.5
593,2.470833333333333,0.0,0.0,0.6044094562530518,0.0,-0.0,0.0,0.5
594,2.475,0.0,0.0,0.6044163107872009,0.0,-0.0,0.0,0.5
595,2.4791666666666665,0.0,0.0,0.6044231057167053,0.0,-0.0,0.0,0.5
596,2.4833333333333334,0.0,0.0,0.6044298410415649,0.0,-0.0,0.0,0.5
597,2.4875,0.0,0.0,0.604436457157135,0.0,-0.0,0.0,0.5
598,2.4916666666666667,0.0,0.0,0.6044430136680603,0.0,-0.0,0.0,0.5
599,2.495833333333333,0.0,0.0,0.6044495105743408,0.0,-0.0,0.0,0.5
600,2.5,0.0,0.0,0.6044558882713318,0.0,-0.0,0.0,0.5
601,2.504166666666667,0.0,0.0,0.604462206363678,0.0,-0.0,0.0,0.5
602,2.5083333333333333,0.0,0.0,0.6044684648513794,0.0,-0.0,0.0,0.5
603,2.5125,0.0,0.0,0.6044746041297913,0.0,-0.0,0.0,0.5
604,2.5166666666666666,0.0,0.0,0.6044806838035583,0.0,-0.0,0.0,0.5
605,2.5208333333333335,0.0,0.0,0.6044867038726807,0.0,-0.0,0.0,0.5
606,2.525,0.0,0.0,0.6044926047325134,0.0,-0.0,0.0,0.5
607,2.529166666666667,0.0,0.0,0.6044984459877014,0.0,-0.0,0.0,0.5
608,2.533333333333333,0.0,0.0,0.6045042276382446,0.0,-0.0,0.0,0.5
609,2.5375,0.0,0.0,0.6045099496841431,0.0,-0.0,0.0,0.5
610,2.5416666666666665,0.0,0.0,0.6045156121253967,0.0,-0.0,0.0,0.5
611,2.5458333333333334,0.0,0.0,0.6045211553573608,0.0,-0.0,0.0,0.5
612,2.55,0.0,0.0,0.604526698589325,0.0,-0.0,0.0,0.5
613,2.5541666666666667,0.0,0.0,0.6045321226119995,0.0,-0.0,0.0,0.5
614,2.558333333333333,0.0,0.0,0.6045374870300293,0.0,-0.0,0.0,0.5
615,2.5625,0.0,0.0,0.6045427918434143,0.0,-0.0,0.0,0.5
616,2.566666666666667,0.0,0.0,0.6045480370521545,0.0,-0.0,0.0,0.5
617,2.5708333333333333,0.0,0.0,0.60455322265625,0.0,-0.0,0.0,0.5
618,2.575,0.0,0.0,0.6045583486557007,0.0,-0.0,0.0,0.5
619,2.5791666666666666,0.0,0.0,0.6045634150505066,0.0,-0.0,0.0,0.5
620,2.5833333333333335,0.0,0.0,0.6045684218406677,0.0,-0.0,0.0,0.5
621,2.5875,0.0,0.0,0.6045733690261841,0.0,-0.0,0.0,0.5
622,2.591666666666667,0.0,0.0,0.6045782566070557,0.0,-0.0,0.0,0.5
623,2.595833333333333,0.0,0.0,0.6045830845832825,0.0,-0.0,0.0,0.5
624,2.6,0.0,0.0,0.6045878529548645,0.0,-0.0,0.0,0.5
625,2.6041666666666665,0.0,0.0,0.6045925617218018,0.0,-0.0,0.0,0.5
626,2.6083333333333334,0.0,0.0,0.6045972108840942,0.0,-0.0,0.0,0.5
627,2.6125,0.0,0.0,0.6046018004417419,0.0,-0.0,0.0,0.5
628,2.6166666666666667,0.0,0.0,0.6046063303947449,0.0,-0.0,0.0,0.5
629,2.620833333333333,0.0,0.0,0.604610800743103,0.0,-0.0,0.0,0.5
630,2.625,0.0,0.0,0.6046152114868164,0.0,-0.0,0.0,0.5
631,2.629166666666667,0.0,0.0,0.604619562625885,0.0,-0.0,0.0,0.5
632,2.6333333333333333,0.0,0.0,0.6046239137649536,0.0,-0.0,0.0,0.5
633,2.6375,0.0,0.0,0.6046281456947327,0.0,-0.0,0.0,0.5
634,2.6416666666666666,0.0,0.0,0.6046323776245117,0.0,-0.0,0.0,0.5
635,2.6458333333333335,0.0,0.0,0.604636549949646,0.0,-0.0,0.0,0.5
636,2.65,0.0,0.0,0.6046406626701355,0.0,-0.0,0.0,0.5
637,2.654166666666667,0.0,0.0,0.6046447157859802,0.0,-0.0,0.0,0.5
638,2.658333333333333,0.0,0.0,0.6046487092971802,0.0,-0.0,0.0,0.5
639,2.6625,0.0,0.0,0.6046527028083801,0.0,-0.0,0.0,0.5
640,2.6666666666666665,0.0,0.0,0.6046565771102905,0.0,-0.0,0.0,0.5
641,2.6708333333333334,0.0,0.0,0.6046604514122009,0.0,-0.0,0.0,0.5
642,2.675,0.0,0.0,0.6046642661094666,0.0,-0.0,0.0,0.5
643,2.6791666666666667,0.0,0.0,0.6046680212020874,0.0,-0.0,0.0,0.5
644,2.683333333333333,0.0,0.0,0.6046717762947083,0.0,-0.0,0.0,0.5
645,2.6875,0.0,0.0,0.6046754717826843,0.0,-0.0,0.0,0.5
646,2.691666666666667,0.0,0.0,0.6046791076660156,0.0,-0.0,0.0,0.5
647,2.6958333333333333,0.0,0.0,0.6046826839447021,0.0,-0.0,0.0,0.5
648,2.7,0.0,0.0,0.6046862006187439,0.0,-0.0,0.0,0.5
649,2.7041666666666666,0.0,0.0,0.6046897172927856,0.0,-0.0,0.0,0.5
650,2.7083333333333335,0.0,0.0,0.6046931743621826,0.0,-0.0,0.0,0.5
651,2.7125,0.0,0.0,0.6046965718269348,0.0,-0.0,0.0,0.5
652,2.716666666666667,0.0,0.0,0.604699969291687,0.0,-0.0,0.0,0.5
653,2.720833333333333,0.0,0.0,0.6047033071517944,0.0,-0.0,0.0,0.5
654,2.725,0.0,0.0,0.6047065854072571,0.0,-0.0,0.0,0.5
655,2.7291666666666665,0.0,0.0,0.6047098636627197,0.0,-0.0,0.0,0.5
656,2.7333333333333334,0.0,0.0,0.6047130823135376,0.0,-0.0,0.0,0.5
657,2.7375,0.0,0.0,0.6047162413597107,0.0,-0.0,0.0,0.5
658,2.7416666666666667,0.0,0.0,0.6047194004058838,0.0,-0.0,0.0,0.5
659,2.745833333333333,0.0,0.0,0.6047224998474121,0.0,-0.0,0.0,0.5
660,2.75,0.0,0.0,0.6047255396842957,0.0,-0.0,0.0,0.5
661,2.754166666666667,0.0,0.0,0.6047285795211792,0.0,-0.0,0.0,0.5
662,2.7583333333333333,0.0,0.0,0.604731559753418,0.0,-0.0,0.0,0.5
663,2.7625,0.0,0.0,0.604734480381012,0.0,-0.0,0.0,0.5
664,2.7666666666666666,0.0,0.0,0.604737401008606,0.0,-0.0,0.0,0.5
665,2.7708333333333335,0.0,0.0,0.6047403216362,0.0,-0.0,0.0,0.5
666,2.775,0.0,0.0,0.6047431826591492,0.0,-0.0,0.0,0.5
667,2.779166666666667,0.0,0.0,0.6047459840774536,0.0,-0.0,0.0,0.5
668,2.783333333333333,0.0,0.0,0.6047487854957581,0.0,-0.0,0.0,0.5
669,2.7875,0.0,0.0,0.6047515273094177,0.0,-0.0,0.0,0.5
670,2.7916666666666665,0.0,0.0,0.6047542095184326,0.0,-0.0,0.0,0.5
671,2.7958333333333334,0.0,0.0,0.6047568917274475,0.0,-0.0,0.0,0.5
672,2.8,0.0,0.0,0.6047595739364624,0.0,-0.0,0.0,0.5
673,2.8041666666666667,0.0,0.0,0.6047621965408325,0.0,-0.0,0.0,0.5
674,2.808333333333333,0.0,0.0,0.6047647595405579,0.0,-0.0,0.0,0.5
675,2.8125,0.0,0.0,0.6047673225402832,0.0,-0.0,0.0,0.5
676,2.816666666666667,0.0,0.0,0.6047698259353638,0.0,-0.0,0.0,0.5
677,2.8208333333333333,0.0,0.0,0.6047723293304443,0.0,-0.0,0.0,0.5
678,2.825,0.0,0.0,0.6047747731208801,0.0,-0.0,0.0,0.5
679,2.8291666666666666,0.0,0.0,0.6047772169113159,0.0,-0.0,0.0,0.5
680,2.8333333333333335,0.0,0.0,0.6047796010971069,0.0,-0.0,0.0,0.5
681,2.8375,0.0,0.0,0.604781985282898,0.0,-0.0,0.0,0.5
682,2.841666666666667,0.0,0.0,0.6047843098640442,0.0,-0.0,0.0,0.5
683,2.845833333333333,0.0,0.0,0.6047866344451904,0.0,-0.0,0.0,0.5
684,2.85,0.0,0.0,0.6047889590263367,0.0,-0.0,0.0,0.5
685,2.8541666666666665,0.0,0.0,0.6047912240028381,0.0,-0.0,0.0,0.5
686,2.8583333333333334,0.0,0.0,0.6047934293746948,0.0,-0.0,0.0,0.5
687,2.8625,0.0,0.0,0.6047956347465515,0.0,-0.0,0.0,0.5
688,2.8666666666666667,0.0,0.0,0.6047978401184082,0.0,-0.0,0.0,0.5
689,2.870833333333333,0.0,0.0,0.6047999858856201,0.0,-0.0,0.0,0.5
690,2.875,0.0,0.0,0.6048020720481873,0.0,-0.0,0.0,0.5
691,2.879166666666667,0.0,0.0,0.6048041582107544,0.0,-0.0,0.0,0.5
692,2.8833333333333333,0.0,0.0,0.6048062443733215,0.0,-0.0,0.0,0.5
693,2.8875,0.0,0.0,0.6048083305358887,0.0,-0.0,0.0,0.5
694,2.8916666666666666,0.0,0.0,0.604810357093811,0.0,-0.0,0.0,0.5
695,2.8958333333333335,0.0,0.0,0.6048123240470886,0.0,-0.0,0.0,0.5
696,2.9,0.0,0.0,0.6048142910003662,0.0,-0.0,0.0,0.5
697,2.904166666666667,0.0,0.0,0.6048162579536438,0.0,-0.0,0.0,0.5
698,2.908333333333333,0.0,0.0,0.6048182249069214,0.0,-0.0,0.0,0.5
699,2.9125,0.0,0.0,0.6048201322555542,0.0,-0.0,0.0,0.5
700,2.9166666666666665,0.0,0.0,0.6048219799995422,0.0,-0.0,0.0,0.5
701,2.9208333333333334,0.0,0.0,0.6048238277435303,0.0,-0.0,0.0,0.5
702,2.925,0.0,0.0,0.6048256754875183,0.0,-0.0,0.0,0.5
703,2.9291666666666667,0.0,0.0,0.6048275232315063,0.0,-0.0,0.0,0.5
704,2.933333333333333,0.0,0.0,0.6048293113708496,0.0,-0.0,0.0,0.5
705,2.9375,0.0,0.0,0.6048310399055481,0.0,-0.0,0.0,0.5
706,2.941666666666667,0.0,0.0,0.6048327684402466,0.0,-0.0,0.0,0.5
707,2.9458333333333333,0.0,0.0,0.6048344969749451,0.0,-0.0,0.0,0.5
708,2.95,0.0,0.0,0.6048362255096436,0.0,-0.0,0.0,0.5
709,2.9541666666666666,0.0,0.0,0.6048378944396973,0.0,-0.0,0.0,0.5
710,2.9583333333333335,0.0,0.0,0.604839563369751,0.0,-0.0,0.0,0.5
711,2.9625,0.0,0.0,0.6048411726951599,0.0,-0.0,0.0,0.5
712,2.966666666666667,0.0,0.0,0.6048427820205688,0.0,-0.0,0.0,0.5
713,2.970833333333333,0.0,0.0,0.6048443913459778,0.0,-0.0,0.0,0.5
714,2.975,0.0,0.0,0.6048460006713867,0.0,-0.0,0.0,0.5
715,2.9791666666666665,0.0,0.0,0.6048475503921509,0.0,-0.0,0.0,0.5
716,2.9833333333333334,0.0,0.0,0.604849100112915,0.0,-0.0,0.0,0.5
717,2.9875,0.0,0.0,0.6048505902290344,0.0,-0.0,0.0,0.5
718,2.9916666666666667,0.0,0.0,0.6048520803451538,0.0,-0.0,0.0,0.5
719,2.995833333333333,0.0,0.0,0.6048535704612732,0.0,-0.0,0.0,0.5
720,3.0,0.0,0.0,0.6048550605773926,0.0,-0.0,0.0,0.5
721,3.004166666666667,0.0,0.0,0.604856550693512,0.0,-0.0,0.0,0.5
722,3.0083333333333333,0.0,0.0,0.6048579812049866,0.0,-0.0,0.0,0.5
723,3.0125,0.0,0.0,0.6048594117164612,0.0,-0.0,0.0,0.5
724,3.0166666666666666,0.0,0.0,0.604860782623291,0.0,-0.0,0.0,0.5
725,3.0208333333333335,0.0,0.0,0.6048621535301208,0.0,-0.0,0.0,0.5
726,3.025,0.0,0.0,0.6048635244369507,0.0,-0.0,0.0,0.5
727,3.029166666666667,0.0,0.0,0.6048648953437805,0.0,-0.0,0.0,0.5
728,3.033333333333333,0.0,0.0,0.6048662662506104,0.0,-0.0,0.0,0.5
729,3.0375,0.0,0.0,0.6048675775527954,0.0,-0.0,0.0,0.5
730,3.0416666666666665,0.0,0.0,0.6048688888549805,0.0,-0.0,0.0,0.5
731,3.0458333333333334,0.0,0.0,0.6048701405525208,0.0,-0.0,0.0,0.5
732,3.05,0.0,0.0,0.604871392250061,0.0,-0.0,0.0,0.5
733,3.0541666666666667,0.0,0.0,0.6048726439476013,0.0,-0.0,0.0,0.5
734,3.058333333333333,0.0,0.0,0.6048738956451416,0.0,-0.0,0.0,0.5
735,3.0625,0.0,0.0,0.6048751473426819,0.0,-0.0,0.0,0.5
736,3.066666666666667,0.0,0.0,0.6048763394355774,0.0,-0.0,0.0,0.5
737,3.0708333333333333,0.0,0.0,0.6048775315284729,0.0,-0.0,0.0,0.5
738,3.075,0.0,0.0,0.6048787236213684,0.0,-0.0,0.0,0.5
739,3.0791666666666666,0.0,0.0,0.6048798561096191,0.0,-0.0,0.0,0.5
740,3.0833333333333335,0.0,0.0,0.6048809885978699,0.0,-0.0,0.0,0.5
741,3.0875,0.0,0.0,0.6048821210861206,0.0,-0.0,0.0,0.5
742,3.091666666666667,0.0,0.0,0.6048832535743713,0.0,-0.0,0.0,0.5
743,3.095833333333333,0.0,0.0,0.6048843860626221,0.0,-0.0,0.0,0.5
744,3.1,0.0,0.0,0.6048855185508728,0.0,-0.0,0.0,0.5
745,3.1041666666666665,0.0,0.0,0.6048865914344788,0.0,-0.0,0.0,0.5
746,3.1083333333333334,0.0,0.0,0.6048876643180847,0.0,-0.0,0.0,0.5
747,3.1125,0.0,0.0,0.6048887372016907,0.0,-0.0,0.0,0.5
748,3.1166666666666667,0.0,0.0,0.6048897504806519,0.0,-0.0,0.0,0.5
749,3.120833333333333,0.0,0.0,0.604890763759613,0.0,-0.0,0.0,0.5
750,3.125,0.0,0.0,0.6048917770385742,0.0,-0.0,0.0,0.5
751,3.129166666666667,0.0,0.0,0.6048927903175354,0.0,-0.0,0.0,0.5
752,3.1333333333333333,0.0,0.0,0.6048938035964966,0.0,-0.0,0.0,0.5
753,3.1375,0.0,0.0,0.6048948168754578,0.0,-0.0,0.0,0.5
754,3.1416666666666666,0.0,0.0,0.6048957705497742,0.0,-0.0,0.0,0.5
755,3.1458333333333335,0.0,0.0,0.6048967242240906,0.0,-0.0,0.0,0.5
756,3.15,0.0,0.0,0.604897677898407,0.0,-0.0,0.0,0.5
757,3.154166666666667,0.0,0.0,0.6048985719680786,0.0,-0.0,0.0,0.5
758,3.158333333333333,0.0,0.0,0.6048994660377502,0.0,-0.0,0.0,0.5
759,3.1625,0.0,0.0,0.6049003601074219,0.0,-0.0,0.0,0.5
760,3.1666666666666665,0.0,0.0,0.6049012541770935,0.0,-0.0,0.0,0.5
761,3.1708333333333334,0.0,0.0,0.6049021482467651,0.0,-0.0,0.0,0.5
762,3.175,0.0,0.0,0.6049030423164368,0.0,-0.0,0.0,0.5
763,3.1791666666666667,0.0,0.0,0.6049039363861084,0.0,-0.0,0.0,0.5
764,3.183333333333333,0.0,0.0,0.60490483045578,0.0,-0.0,0.0,0.5
765,3.1875,0.0,0.0,0.6049056649208069,0.0,-0.0,0.0,0.5
766,3.191666666666667,0.0,0.0,0.6049064993858337,0.0,-0.0,0.0,0.5
767,3.1958333333333333,0.0,0.0,0.6049073338508606,0.0,-0.0,0.0,0.5
768,3.2,0.0,0.0,0.6049081683158875,0.0,-0.0,0.0,0.5
769,3.2041666666666666,0.0,0.0,0.6049089431762695,0.0,-0.0,0.0,0.5
770,3.2083333333333335,0.0,0.0,0.6049097180366516,0.0,-0.0,0.0,0.5
771,3.2125,0.0,0.0,0.6049104928970337,0.0,-0.0,0.0,0.5
772,3.216666666666667,0.0,0.0,0.6049112677574158,0.0,-0.0,0.0,0.5
773,3.220833333333333,0.0,0.0,0.6049120426177979,0.0,-0.0,0.0,0.5
774,3.225,0.0,0.0,0.6049128174781799,0.0,-0.0,0.0,0.5
775,3.2291666666666665,0.0,0.0,0.604913592338562,0.0,-0.0,0.0,0.5
776,3.2333333333333334,0.0,0.0,0.6049143671989441,0.0,-0.0,0.0,0.5
777,3.2375,0.0,0.0,0.6049151420593262,0.0,-0.0,0.0,0.5
778,3.2416666666666667,0.0,0.0,0.6049158573150635,0.0,-0.0,0.0,0.5
779,3.245833333333333,0.0,0.0,0.6049165725708008,0.0,-0.0,0.0,0.5
780,3.25,0.0,0.0,0.6049172878265381,0.0,-0.0,0.0,0.5
781,3.254166666666667,0.0,0.0,0.6049180030822754,0.0,-0.0,0.0,0.5
782,3.2583333333333333,0.0,0.0,0.6049186587333679,0.0,-0.0,0.0,0.5
783,3.2625,0.0,0.0,0.6049193143844604,0.0,-0.0,0.0,0.5
784,3.2666666666666666,0.0,0.0,0.604919970035553,0.0,-0.0,0.0,0.5
785,3.2708333333333335,0.0,0.0,0.6049206256866455,0.0,-0.0,0.0,0.5
786,3.275,0.0,0.0,0.604921281337738,0.0,-0.0,0.0,0.5
787,3.279166666666667,0.0,0.0,0.6049219369888306,0.0,-0.0,0.0,0.5
788,3.283333333333333,0.0,0.0,0.6049225926399231,0.0,-0.0,0.0,0.5
789,3.2875,0.0,0.0,0.6049232482910156,0.0,-0.0,0.0,0.5
790,3.2916666666666665,0.0,0.0,0.6049239039421082,0.0,-0.0,0.0,0.5
791,3.2958333333333334,0.0,0.0,0.6049245595932007,0.0,-0.0,0.0,0.5
792,3.3,0.0,0.0,0.6049251556396484,0.0,-0.0,0.0,0.5
793,3.3041666666666667,0.0,0.0,0.6049257516860962,0.0,-0.0,0.0,0.5
794,3.308333333333333,0.0,0.0,0.604926347732544,0.0,-0.0,0.0,0.5
795,3.3125,0.0,0.0,0.6049269437789917,0.0,-0.0,0.0,0.5
796,3.316666666666667,0.0,0.0,0.6049275398254395,0.0,-0.0,0.0,0.5
797,3.3208333333333333,0.0,0.0,0.6049280762672424,0.0,-0.0,0.0,0.5
798,3.325,0.0,0.0,0.6049286127090454,0.0,-0.0,0.0,0.5
799,3.3291666666666666,0.0,0.0,0.6049291491508484,0.0,-0.0,0.0,0.5
800,3.3333333333333335,0.0,0.0,0.6049296855926514,0.0,-0.0,0.0,0.5
801,3.3375,0.0,0.0,0.6049302220344543,0.0,-0.0,0.0,0.5
802,3.341666666666667,0.0,0.0,0.6049307584762573,0.0,-0.0,0.0,0.5
803,3.345833333333333,0.0,0.0,0.6049312949180603,0.0,-0.0,0.0,0.5
804,3.35,0.0,0.0,0.6049318313598633,0.0,-0.0,0.0,0.5
805,3.3541666666666665,0.0,0.0,0.6049323678016663,0.0,-0.0,0.0,0.5
806,3.3583333333333334,0.0,0.0,0.6049329042434692,0.0,-0.0,0.0,0.5
807,3.3625,0.0,0.0,0.6049334406852722,0.0,-0.0,0.0,0.5
808,3.3666666666666667,0.0,0.0,0.6049339771270752,0.0,-0.0,0.0,0.5
809,3.370833333333333,0.0,0.0,0.6049345135688782,0.0,-0.0,0.0,0.5
810,3.375,0.0,0.0,0.6049349904060364,0.0,-0.0,0.0,0.5
811,3.379166666666667,0.0,0.0,0.6049354672431946,0.0,-0.0,0.0,0.5
812,3.3833333333333333,0.0,0.0,0.6049359440803528,0.0,-0.0,0.0,0.5
813,3.3875,0.0,0.0,0.604936420917511,0.0,-0.0,0.0,0.5
814,3.3916666666666666,0.0,0.0,0.6049368977546692,0.0,-0.0,0.0,0.5
815,3.3958333333333335,0.0,0.0,0.6049373745918274,0.0,-0.0,0.0,0.5
816,3.4,0.0,0.0,0.6049377918243408,0.0,-0.0,0.0,0.5
817,3.404166666666667,0.0,0.0,0.6049382090568542,0.0,-0.0,0.0,0.5
818,3.408333333333333,0.0,0.0,0.6049386262893677,0.0,-0.0,0.0,0.5
819,3.4125,0.0,0.0,0.6049390435218811,0.0,-0.0,0.0,0.5
820,3.4166666666666665,0.0,0.0,0.6049394607543945,0.0,-0.0,0.0,0.5
821,3.4208333333333334,0.0,0.0,0.604939877986908,0.0,-0.0,0.0,0.5
822,3.425,0.0,0.0,0.6049402952194214,0.0,-0.0,0.0,0.5
823,3.4291666666666667,0.0,0.0,0.6049407124519348,0.0,-0.0,0.0,0.5
824,3.433333333333333,0.0,0.0,0.6049411296844482,0.0,-0.0,0.0,0.5
825,3.4375,0.0,0.0,0.6049415469169617,0.0,-0.0,0.0,0.5
826,3.441666666666667,0.0,0.0,0.6049419641494751,0.0,-0.0,0.0,0.5
827,3.4458333333333333,0.0,0.0,0.6049423813819885,0.0,-0.0,0.0,0.5
828,3.45,0.0,0.0,0.604942798614502,0.0,-0.0,0.0,0.5
829,3.4541666666666666,0.0,0.0,0.6049432158470154,0.0,-0.0,0.0,0.5
830,3.4583333333333335,0.0,0.0,0.6049436330795288,0.0,-0.0,0.0,0.5
831,3.4625,0.0,0.0,0.6049440503120422,0.0,-0.0,0.0,0.5
832,3.466666666666667,0.0,0.0,0.6049444079399109,0.0,-0.0,0.0,0.5
833,3.470833333333333,0.0,0.0,0.6049447655677795,0.0,-0.0,0.0,0.5
834,3.475,0.0,0.0,0.6049451231956482,0.0,-0.0,0.0,0.5
835,3.4791666666666665,0.0,0.0,0.6049454808235168,0.0,-0.0,0.0,0.5
836,3.4833333333333334,0.0,0.0,0.6049458384513855,0.0,-0.0,0.0,0.5
837,3.4875,0.0,0.0,0.6049461960792542,0.0,-0.0,0.0,0.5
838,3.4916666666666667,0.0,0.0,0.6049465537071228,0.0,-0.0,0.0,0.5
839,3.495833333333333,0.0,0.0,0.6049469113349915,0.0,-0.0,0.0,0.5
840,3.5,0.0,0.0,0.6049472093582153,0.0,-0.0,0.0,0.5
841,3.504166666666667,0.0,0.0,0.6049475073814392,0.0,-0.0,0.0,0.5
842,3.5083333333333333,0.0,0.0,0.6049478054046631,0.0,-0.0,0.0,0.5
843,3.5125,0.0,0.0,0.604948103427887,0.0,-0.0,0.0,0.5
844,3.5166666666666666,0.0,0.0,0.6049484014511108,0.0,-0.0,0.0,0.5
845,3.5208333333333335,0.0,0.0,0.6049486994743347,0.0,-0.0,0.0,0.5
846,3.525,0.0,0.0,0.6049489974975586,0.0,-0.0,0.0,0.5
847,3.529166666666667,0.0,0.0,0.6049492955207825,0.0,-0.0,0.0,0.5
848,3.533333333333333,0.0,0.0,0.6049495935440063,0.0,-0.0,0.0,0.5
849,3.5375,0.0,0.0,0.6049498915672302,0.0,-0.0,0.0,0.5
850,3.5416666666666665,0.0,0.0,0.6049501895904541,0.0,-0.0,0.0,0.5
851,3.5458333333333334,0.0,0.0,0.604950487613678,0.0,-0.0,0.0,0.5
852,3.55,0.0,0.0,0.6049507856369019,0.0,-0.0,0.0,0.5
853,3.5541666666666667,0.0,0.0,0.6049510836601257,0.0,-0.0,0.0,0.5
854,3.558333333333333,0.0,0.0,0.6049513816833496,0.0,-0.0,0.0,0.5
855,3.5625,0.0,0.0,0.6049516797065735,0.0,-0.0,0.0,0.5
856,3.566666666666667,0.0,0.0,0.6049519777297974,0.0,-0.0,0.0,0.5
857,3.5708333333333333,0.0,0.0,0.6049522757530212,0.0,-0.0,0.0,0.5
858,3.575,0.0,0.0,0.6049525737762451,0.0,-0.0,0.0,0.5
859,3.5791666666666666,0.0,0.0,0.604952871799469,0.0,-0.0,0.0,0.5
860,3.5833333333333335,0.0,0.0,0.6049531698226929,0.0,-0.0,0.0,0.5
861,3.5875,0.0,0.0,0.6049534678459167,0.0,-0.0,0.0,0.5
862,3.591666666666667,0.0,0.0,0.6049537658691406,0.0,-0.0,0.0,0.5
863,3.595833333333333,0.0,0.0,0.6049540042877197,0.0,-0.0,0.0,0.5
864,3.6,0.0,0.0,0.6049542427062988,0.0,-0.0,0.0,0.5
865,3.6041666666666665,0.0,0.0,0.6049544811248779,0.0,-0.0,0.0,0.5
866,3.6083333333333334,0.0,0.0,0.604954719543457,0.0,-0.0,0.0,0.5
867,3.6125,0.0,0.0,0.6049549579620361,0.0,-0.0,0.0,0.5
868,3.6166666666666667,0.0,0.0,0.6049551963806152,0.0,-0.0,0.0,0.5
869,3.620833333333333,0.0,0.0,0.6049554347991943,0.0,-0.0,0.0,0.5
870,3.625,0.0,0.0,0.6049556732177734,0.0,-0.0,0.0,0.5
871,3.629166666666667,0.0,0.0,0.6049559116363525,0.0,-0.0,0.0,0.5
872,3.6333333333333333,0.0,0.0,0.6049561500549316,0.0,-0.0,0.0,0.5
873,3.6375,0.0,0.0,0.6049563884735107,0.0,-0.0,0.0,0.5
874,3.6416666666666666,0.0,0.0,0.6049566268920898,0.0,-0.0,0.0,0.5
875,3.6458333333333335,0.0,0.0,0.604956865310669,0.0,-0.0,0.0,0.5
876,3.65,0.0,0.0,0.6049570441246033,0.0,-0.0,0.0,0.5
877,3.654166666666667,0.0,0.0,0.6049572229385376,0.0,-0.0,0.0,0.5
878,3.658333333333333,0.0,0.0,0.6049574017524719,0.0,-0.0,0.0,0.5
879,3.6625,0.0,0.0,0.6049575805664062,0.0,-0.0,0.0,0.5
880,3.6666666666666665,0.0,0.0,0.6049577593803406,0.0,-0.0,0.0,0.5
881,3.6708333333333334,0.0,0.0,0.6049579381942749,0.0,-0.0,0.0,0.5
882,3.675,0.0,0.0,0.6049581170082092,0.0,-0.0,0.0,0.5
883,3.6791666666666667,0.0,0.0,0.6049582958221436,0.0,-0.0,0.0,0.5
884,3.683333333333333,0.0,0.0,0.6049584746360779,0.0,-0.0,0.0,0.5
885,3.6875,0.0,0.0,0.6049586534500122,0.0,-0.0,0.0,0.5
886,3.691666666666667,0.0,0.0,0.6049588322639465,0.0,-0.0,0.0,0.5
887,3.6958333333333333,0.0,0.0,0.6049590110778809,0.0,-0.0,0.0,0.5
888,3.7,0.0,0.0,0.6049591898918152,0.0,-0.0,0.0,0.5
889,3.7041666666666666,0.0,0.0,0.6049593687057495,0.0,-0.0,0.0,0.5
890,3.7083333333333335,0.0,0.0,0.6049595475196838,0.0,-0.0,0.0,0.5
891,3.7125,0.0,0.0,0.6049597263336182,0.0,-0.0,0.0,0.5
892,3.716666666666667,0.0,0.0,0.6049599051475525,0.0,-0.0,0.0,0.5
893,3.720833333333333,0.0,0.0,0.6049600839614868,0.0,-0.0,0.0,0.5
894,3.725,0.0,0.0,0.6049602627754211,0.0,-0.0,0.0,0.5
895,3.7291666666666665,0.0,0.0,0.6049604415893555,0.0,-0.0,0.0,0.5
896,3.7333333333333334,0.0,0.0,0.6049606204032898,0.0,-0.0,0.0,0.5
897,3.7375,0.0,0.0,0.6049607992172241,0.0,-0.0,0.0,0.5
898,3.7416666666666667,0.0,0.0,0.6049609780311584,0.0,-0.0,0.0,0.5
899,3.745833333333333,0.0,0.0,0.6049611568450928,0.0,-0.0,0.0,0.5
900,3.75,0.0,0.0,0.6049613356590271,0.0,-0.0,0.0,0.5
901,3.754166666666667,0.0,0.0,0.6049615144729614,0.0,-0.0,0.0,0.5
902,3.7583333333333333,0.0,0.0,0.6049616932868958,0.0,-0.0,0.0,0.5
903,3.7625,0.0,0.0,0.6049618721008301,0.0,-0.0,0.0,0.5
904,3.7666666666666666,0.0,0.0,0.6049620509147644,0.0,-0.0,0.0,0.5
905,3.7708333333333335,0.0,0.0,0.6049622297286987,0.0,-0.0,0.0,0.5
906,3.775,0.0,0.0,0.6049624085426331,0.0,-0.0,0.0,0.5
907,3.779166666666667,0.0,0.0,0.6049625873565674,0.0,-0.0,0.0,0.5
908,3.783333333333333,0.0,0.0,0.6049627661705017,0.0,-0.0,0.0,0.5
909,3.7875,0.0,0.0,0.604962944984436,0.0,-0.0,0.0,0.5
910,3.7916666666666665,0.0,0.0,0.6049631237983704,0.0,-0.0,0.0,0.5
911,3.7958333333333334,0.0,0.0,0.6049633026123047,0.0,-0.0,0.0,0.5
912,3.8,0.0,0.0,0.604963481426239,0.0,-0.0,0.0,0.5
913,3.8041666666666667,0.0,0.0,0.6049636602401733,0.0,-0.0,0.0,0.5
914,3.808333333333333,0.0,0.0,0.6049637794494629,0.0,-0.0,0.0,0.5
915,3.8125,0.0,0.0,0.6049638986587524,0.0,-0.0,0.0,0.5
916,3.816666666666667,0.0,0.0,0.604964017868042,0.0,-0.0,0.0,0.5
917,3.8208333333333333,0.0,0.0,0.6049641370773315,0.0,-0.0,0.0,0.5
918,3.825,0.0,0.0,0.6049642562866211,0.0,-0.0,0.0,0.5
919,3.8291666666666666,0.0,0.0,0.6049643754959106,0.0,-0.0,0.0,0.5
920,3.8333333333333335,0.0,0.0,0.6049644947052002,0.0,-0.0,0.0,0.5
921,3.8375,0.0,0.0,0.6049646139144897,0.0,-0.0,0.0,0.5
922,3.841666666666667,0.0,0.0,0.6049647331237793,0.0,-0.0,0.0,0.5
923,3.845833333333333,0.0,0.0,0.6049648523330688,0.0,-0.0,0.0,0.5
924,3.85,0.0,0.0,0.6049649715423584,0.0,-0.0,0.0,0.5
925,3.8541666666666665,0.0,0.0,0.604965090751648,0.0,-0.0,0.0,0.5
926,3.8583333333333334,0.0,0.0,0.6049652099609375,0.0,-0.0,0.0,0.5
927,3.8625,0.0,0.0,0.604965329170227,0.0,-0.0,0.0,0.5
928,3.8666666666666667,0.0,0.0,0.6049654483795166,0.0,-0.0,0.0,0.5
929,3.870833333333333,0.0,0.0,0.6049655675888062,0.0,-0.0,0.0,0.5
930,3.875,0.0,0.0,0.6049656867980957,0.0,-0.0,0.0,0.5
931,3.879166666666667,0.0,0.0,0.6049658060073853,0.0,-0.0,0.0,0.5
932,3.8833333333333333,0.0,0.0,0.6049659252166748,0.0,-0.0,0.0,0.5
933,3.8875,0.0,0.0,0.6049660444259644,0.0,-0.0,0.0,0.5
934,3.8916666666666666,0.0,0.0,0.6049661636352539,0.0,-0.0,0.0,0.5
935,3.8958333333333335,0.0,0.0,0.6049662828445435,0.0,-0.0,0.0,0.5
936,3.9,0.0,0.0,0.604966402053833,0.0,-0.0,0.0,0.5
937,3.904166666666667,0.0,0.0,0.6049665212631226,0.0,-0.0,0.0,0.5
938,3.908333333333333,0.0,0.0,0.6049665808677673,0.0,-0.0,0.0,0.5
939,3.9125,0.0,0.0,0.6049666404724121,0.0,-0.0,0.0,0.5
940,3.9166666666666665,0.0,0.0,0.6049667000770569,0.0,-0.0,0.0,0.5
941,3.9208333333333334,0.0,0.0,0.6049667596817017,0.0,-0.0,0.0,0.5
942,3.925,0.0,0.0,0.6049668192863464,0.0,-0.0,0.0,0.5
943,3.9291666666666667,0.0,0.0,0.6049668788909912,0.0,-0.0,0.0,0.5
944,3.933333333333333,0.0,0.0,0.604966938495636,0.0,-0.0,0.0,0.5
945,3.9375,0.0,0.0,0.6049669981002808,0.0,-0.0,0.0,0.5
946,3.941666666666667,0.0,0.0,0.6049670577049255,0.0,-0.0,0.0,0.5
947,3.9458333333333333,0.0,0.0,0.6049671173095703,0.0,-0.0,0.0,0.5
948,3.95,0.0,0.0,0.6049671769142151,0.0,-0.0,0.0,0.5
949,3.9541666666666666,0.0,0.0,0.6049672365188599,0.0,-0.0,0.0,0.5
950,3.9583333333333335,0.0,0.0,0.6049672961235046,0.0,-0.0,0.0,0.5
951,3.9625,0.0,0.0,0.6049673557281494,0.0,-0.0,0.0,0.5
952,3.966666666666667,0.0,0.0,0.6049674153327942,0.0,-0.0,0.0,0.5
953,3.970833333333333,0.0,0.0,0.604967474937439,0.0,-0.0,0.0,0.5
954,3.975,0.0,0.0,0.6049675345420837,0.0,-0.0,0.0,0.5
955,3.9791666666666665,0.0,0.0,0.6049675941467285,0.0,-0.0,0.0,0.5
956,3.9833333333333334,0.0,0.0,0.6049676537513733,0.0,-0.0,0.0,0.5
957,3.9875,0.0,0.0,0.6049677133560181,0.0,-0.0,0.0,0.5
958,3.9916666666666667,0.0,0.0,0.6049677729606628,0.0,-0.0,0.0,0.5
959,3.995833333333333,0.0,0.0,0.6049678325653076,0.0,-0.0,0.0,0.5
960,4.0,0.0,0.0,0.6049678921699524,0.0,-0.0,0.0,0.5
961,4.004166666666666,0.0,0.0,0.6049679517745972,0.0,-0.0,0.0,0.5
962,4.008333333333334,0.0,0.0,0.6049680113792419,0.0,-0.0,0.0,0.5
963,4.0125,0.0,0.0,0.6049680709838867,0.0,-0.0,0.0,0.5
964,4.016666666666667,0.0,0.0,0.6049681305885315,0.0,-0.0,0.0,0.5
965,4.020833333333333,0.0,0.0,0.6049681901931763,0.0,-0.0,0.0,0.5
966,4.025,0.0,0.0,0.604968249797821,0.0,-0.0,0.0,0.5
967,4.029166666666667,0.0,0.0,0.6049683094024658,0.0,-0.0,0.0,0.5
968,4.033333333333333,0.0,0.0,0.6049683690071106,0.0,-0.0,0.0,0.5
969,4.0375,0.0,0.0,0.6049684286117554,0.0,-0.0,0.0,0.5
970,4.041666666666667,0.0,0.0,0.6049684882164001,0.0,-0.0,0.0,0.5
971,4.045833333333333,0.0,0.0,0.6049685478210449,0.0,-0.0,0.0,0.5
972,4.05,0.0,0.0,0.6049686074256897,0.0,-0.0,0.0,0.5
973,4.054166666666666,0.0,0.0,0.6049686670303345,0.0,-0.0,0.0,0.5
974,4.058333333333334,0.0,0.0,0.6049687266349792,0.0,-0.0,0.0,0.5
975,4.0625,0.0,0.0,0.604968786239624,0.0,-0.0,0.0,0.5
976,4.066666666666666,0.0,0.0,0.6049688458442688,0.0,-0.0,0.0,0.5
977,4.070833333333334,0.0,0.0,0.6049689054489136,0.0,-0.0,0.0,0.5
978,4.075,0.0,0.0,0.6049689650535583,0.0,-0.0,0.0,0.5
979,4.079166666666667,0.0,0.0,0.6049690246582031,0.0,-0.0,0.0,0.5
980,4.083333333333333,0.0,0.0,0.6049690842628479,0.0,-0.0,0.0,0.5
981,4.0875,0.0,0.0,0.6049691438674927,0.0,-0.0,0.0,0.5
982,4.091666666666667,0.0,0.0,0.6049692034721375,0.0,-0.0,0.0,0.5
983,4.095833333333333,0.0,0.0,0.6049692630767822,0.0,-0.0,0.0,0.5
984,4.1,0.0,0.0,0.604969322681427,0.0,-0.0,0.0,0.5
985,4.104166666666667,0.0,0.0,0.6049693822860718,0.0,-0.0,0.0,0.5
986,4.108333333333333,0.0,0.0,0.6049694418907166,0.0,-0.0,0.0,0.5
987,4.1125,0.0,0.0,0.6049695014953613,0.0,-0.0,0.0,0.5
988,4.116666666666666,0.0,0.0,0.6049695611000061,0.0,-0.0,0.0,0.5
989,4.120833333333334,0.0,0.0,0.6049696207046509,0.0,-0.0,0.0,0.5
990,4.125,0.0,0.0,0.6049696803092957,0.0,-0.0,0.0,0.5
991,4.129166666666666,0.0,0.0,0.6049697399139404,0.0,-0.0,0.0,0.5
992,4.133333333333334,0.0,0.0,0.6049697995185852,0.0,-0.0,0.0,0.5
993,4.1375,0.0,0.0,0.60496985912323,0.0,-0.0,0.0,0.5
994,4.141666666666667,0.0,0.0,0.6049699187278748,0.0,-0.0,0.0,0.5
995,4.145833333333333,0.0,0.0,0.6049699783325195,0.0,-0.0,0.0,0.5
996,4.15,0.0,0.0,0.6049700379371643,0.0,-0.0,0.0,0.5
997,4.154166666666667,0.0,0.0,0.6049700975418091,0.0,-0.0,0.0,0.5
998,4.158333333333333,0.0,0.0,0.6049701571464539,0.0,-0.0,0.0,0.5
999,4.1625,0.0,0.0,0.6049702167510986,0.0,-0.0,0.0,0.5
1000,4.166666666666667,0.0,0.0,0.6049702763557434,0.0,-0.0,0.0,0.5
1001,4.170833333333333,0.0,0.0,0.6049703359603882,0.0,-0.0,0.0,0.5
1002,4.175,0.0,0.0,0.604970395565033,0.0,-0.0,0.0,0.5
1003,4.179166666666666,0.0,0.0,0.6049704551696777,0.0,-0.0,0.0,0.5
1004,4.183333333333334,0.0,0.0,0.6049705147743225,0.0,-0.0,0.0,0.5
1005,4.1875,0.0,0.0,0.6049705743789673,0.0,-0.0,0.0,0.5
1006,4.191666666666666,0.0,0.0,0.6049706339836121,0.0,-0.0,0.0,0.5
1007,4.195833333333334,0.0,0.0,0.6049706935882568,0.0,-0.0,0.0,0.5
1008,4.2,0.0,0.0,0.6049707531929016,0.0,-0.0,0.0,0.5
1009,4.204166666666667,0.0,0.0,0.6049708127975464,0.0,-0.0,0.0,0.5
1010,4.208333333333333,0.0,0.0,0.6049708724021912,0.0,-0.0,0.0,0.5
1011,4.2125,0.0,0.0,0.6049709320068359,0.0,-0.0,0.0,0.5
1012,4.216666666666667,0.0,0.0,0.6049709916114807,0.0,-0.0,0.0,0.5
1013,4.220833333333333,0.0,0.0,0.6049710512161255,0.0,-0.0,0.0,0.5
1014,4.225,0.0,0.0,0.6049711108207703,0.0,-0.0,0.0,0.5
1015,4.229166666666667,0.0,0.0,0.604971170425415,0.0,-0.0,0.0,0.5
1016,4.233333333333333,0.0,0.0,0.6049712300300598,0.0,-0.0,0.0,0.5
1017,4.2375,0.0,0.0,0.6049712896347046,0.0,-0.0,0.0,0.5
1018,4.241666666666666,0.0,0.0,0.6049713492393494,0.0,-0.0,0.0,0.5
1019,4.245833333333334,0.0,0.0,0.6049714088439941,0.0,-0.0,0.0,0.5
1020,4.25,0.0,0.0,0.6049714684486389,0.0,-0.0,0.0,0.5
1021,4.254166666666666,0.0,0.0,0.6049715280532837,0.0,-0.0,0.0,0.5
1022,4.258333333333334,0.0,0.0,0.6049715876579285,0.0,-0.0,0.0,0.5
1023,4.2625,0.0,0.0,0.6049716472625732,0.0,-0.0,0.0,0.5
1024,4.266666666666667,0.0,0.0,0.604971706867218,0.0,-0.0,0.0,0.5
1025,4.270833333333333,0.0,0.0,0.6049717664718628,0.0,-0.0,0.0,0.5
1026,4.275,0.0,0.0,0.6049718260765076,0.0,-0.0,0.0,0.5
1027,4.279166666666667,0.0,0.0,0.6049718856811523,0.0,-0.0,0.0,0.5
1028,4.283333333333333,0.0,0.0,0.6049719452857971,0.0,-0.0,0.0,0.5
1029,4.2875,0.0,0.0,0.6049720048904419,0.0,-0.0,0.0,0.5
1030,4.291666666666667,0.0,0.0,0.6049720644950867,0.0,-0.0,0.0,0.5
1031,4.295833333333333,0.0,0.0,0.6049721240997314,0.0,-0.0,0.0,0.5
1032,4.3,0.0,0.0,0.6049721837043762,0.0,-0.0,0.0,0.5
1033,4.304166666666666,0.0,0.0,0.604972243309021,0.0,-0.0,0.0,0.5
1034,4.308333333333334,0.0,0.0,0.6049723029136658,0.0,-0.0,0.0,0.5
1035,4.3125,0.0,0.0,0.6049723625183105,0.0,-0.0,0.0,0.5
1036,4.316666666666666,0.0,0.0,0.6049724221229553,0.0,-0.0,0.0,0.5
1037,4.320833333333334,0.0,0.0,0.6049724817276001,0.0,-0.0,0.0,0.5
1038,4.325,0.0,0.0,0.6049725413322449,0.0,-0.0,0.0,0.5
1039,4.329166666666667,0.0,0.0,0.6049726009368896,0.0,-0.0,0.0,0.5
1040,4.333333333333333,0.0,0.0,0.6049726605415344,0.0,-0.0,0.0,0.5
1041,4.3375,0.0,0.0,0.6049727201461792,0.0,-0.0,0.0,0.5
1042,4.341666666666667,0.0,0.0,0.604972779750824,0.0,-0.0,0.0,0.5
1043,4.345833333333333,0.0,0.0,0.6049728393554688,0.0,-0.0,0.0,0.5
1044,4.35,0.0,0.0,0.6049728989601135,0.0,-0.0,0.0,0.5
1045,4.354166666666667,0.0,0.0,0.6049729585647583,0.0,-0.0,0.0,0.5
1046,4.358333333333333,0.0,0.0,0.6049730181694031,0.0,-0.0,0.0,0.5
1047,4.3625,0.0,0.0,0.6049730777740479,0.0,-0.0,0.0,0.5
1048,4.366666666666666,0.0,0.0,0.6049731373786926,0.0,-0.0,0.0,0.5
1049,4.370833333333334,0.0,0.0,0.6049731969833374,0.0,-0.0,0.0,0.5
1050,4.375,0.0,0.0,0.6049732565879822,0.0,-0.0,0.0,0.5
1051,4.379166666666666,0.0,0.0,0.604973316192627,0.0,-0.0,0.0,0.5
1052,4.383333333333334,0.0,0.0,0.6049733757972717,0.0,-0.0,0.0,0.5
1053,4.3875,0.0,0.0,0.6049734354019165,0.0,-0.0,0.0,0.5
1054,4.391666666666667,0.0,0.0,0.6049734950065613,0.0,-0.0,0.0,0.5
1055,4.395833333333333,0.0,0.0,0.604973554611206,0.0,-0.0,0.0,0.5
1056,4.4,0.0,0.0,0.6049736142158508,0.0,-0.0,0.0,0.5
1057,4.404166666666667,0.0,0.0,0.6049736738204956,0.0,-0.0,0.0,0.5
1058,4.408333333333333,0.0,0.0,0.6049736738204956,0.0,-0.0,0.0,0.5
1059,4.4125,0.0,0.0,0.6049736738204956,0.0,-0.0,0.0,0.5
1060,4.416666666666667,0.0,0.0,0.6049736738204956,0.0,-0.0,0.0,0.5
1061,4.420833333333333,0.0,0.0,0.6049736738204956,0.0,-0.0,0.0,0.5
1062,4.425,0.0,0.0,0.6049736738204956,0.0,-0.0,0.0,0.5
1063,4.429166666666666,0.0,0.0,0.6049736738204956,0.0,-0.0,0.0,0.5
1064,4.433333333333334,0.0,0.0,0.6049736738204956,0.0,-0.0,0.0,0.5
1065,4.4375,0.0,0.0,0.6049736738204956,0.0,-0.0,0.0,0.5
1066,4.441666666666666,0.0,0.0,0.6049736738204956,0.0,-0.0,0.0,0.5
1067,4.445833333333334,0.0,0.0,0.6049736738204956,0.0,-0.0,0.0,0.5
1068,4.45,0.0,0.0,0.6049736738204956,0.0,-0.0,0.0,0.5
1069,4.454166666666667,0.0,0.0,0.6049736738204956,0.0,-0.0,0.0,0.5
1070,4.458333333333333,0.0,0.0,0.6049736738204956,0.0,-0.0,0.0,0.5
1071,4.4625,0.0,0.0,0.6049736738204956,0.0,-0.0,0.0,0.5
1072,4.466666666666667,0.0,0.0,0.6049736738204956,0.0,-0.0,0.0,0.5
1073,4.470833333333333,0.0,0.0,0.6049736738204956,0.0,-0.0,0.0,0.5
1074,4.475,0.0,0.0,0.6049736738204956,0.0,-0.0,0.0,0.5
1075,4.479166666666667,0.0,0.0,0.6049736738204956,0.0,-0.0,0.0,0.5
1076,4.483333333333333,0.0,0.0,0.6049736738204956,0.0,-0.0,0.0,0.5
1077,4.4875,0.0,0.0,0.6049736738204956,0.0,-0.0,0.0,0.5
1078,4.491666666666666,0.0,0.0,0.6049736738204956,0.0,-0.0,0.0,0.5
1079,4.495833333333334,0.0,0.0,0.6049736738204956,0.0,-0.0,0.0,0.5
1080,4.5,0.0,0.0,0.6049736738204956,0.0,-0.0,0.0,0.5
1081,4.504166666666666,0.0,0.0,0.6049736738204956,0.0,-0.0,0.0,0.5
1082,4.508333333333334,0.0,0.0,0.6049736738204956,0.0,-0.0,0.0,0.5
1083,4.5125,0.0,0.0,0.6049736738204956,0.0,-0.0,0.0,0.5
1084,4.516666666666667,0.0,0.0,0.6049736738204956,0.0,-0.0,0.0,0.5
1085,4.520833333333333,0.0,0.0,0.6049736738204956,0.0,-0.0,0.0,0.5
1086,4.525,0.0,0.0,0.6049736738204956,0.0,-0.0,0.0,0.5
1087,4.529166666666667,0.0,0.0,0.6049736738204956,0.0,-0.0,0.0,0.5
1088,4.533333333333333,0.0,0.0,0.6049736738204956,0.0,-0.0,0.0,0.5
1089,4.5375,0.0,0.0,0.6049736738204956,0.0,-0.0,0.0,0.5
1090,4.541666666666667,0.0,0.0,0.6049736738204956,0.0,-0.0,0.0,0.5
1091,4.545833333333333,0.0,0.0,0.6049736738204956,0.0,-0.0,0.0,0.5
1092,4.55,0.0,0.0,0.6049736738204956,0.0,-0.0,0.0,0.5
1093,4.554166666666666,0.0,0.0,0.6049736738204956,0.0,-0.0,0.0,0.5
1094,4.558333333333334,0.0,0.0,0.6049736738204956,0.0,-0.0,0.0,0.5
1095,4.5625,0.0,0.0,0.6049736738204956,0.0,-0.0,0.0,0.5
1096,4.566666666666666,0.0,0.0,0.6049736738204956,0.0,-0.0,0.0,0.5
1097,4.570833333333334,0.0,0.0,0.6049736738204956,0.0,-0.0,0.0,0.5
1098,4.575,0.0,0.0,0.6049736738204956,0.0,-0.0,0.0,0.5
1099,4.579166666666667,0.0,0.0,0.6049736738204956,0.0,-0.0,0.0,0.5
1100,4.583333333333333,0.0,0.0,0.6049736738204956,0.0,-0.0,0.0,0.5
1101,4.5875,0.0,0.0,0.6049736738204956,0.0,-0.0,0.0,0.5
1102,4.591666666666667,0.0,0.0,0.6049736738204956,0.0,-0.0,0.0,0.5
1103,4.595833333333333,0.0,0.0,0.6049736738204956,0.0,-0.0,0.0,0.5
1104,4.6,0.0,0.0,0.6049736738204956,0.0,-0.0,0.0,0.5
1105,4.604166666666667,0.0,0.0,0.6049736738204956,0.0,-0.0,0.0,0.5
1106,4.608333333333333,0.0,0.0,0.6049736738204956,0.0,-0.0,0.0,0.5
1107,4.6125,0.0,0.0,0.6049736738204956,0.0,-0.0,0.0,0.5
1108,4.616666666666666,0.0,0.0,0.6049736738204956,0.0,-0.0,0.0,0.5
1109,4.620833333333334,0.0,0.0,0.6049736738204956,0.0,-0.0,0.0,0.5
1110,4.625,0.0,0.0,0.6049736738204956,0.0,-0.0,0.0,0.5
1111,4.629166666666666,0.0,0.0,0.6049736738204956,0.0,-0.0,0.0,0.5
1112,4.633333333333334,0.0,0.0,0.6049736738204956,0.0,-0.0,0.0,0.5
1113,4.6375,0.0,0.0,0.6049736738204956,0.0,-0.0,0.0,0.5
1114,4.641666666666667,0.0,0.0,0.6049736738204956,0.0,-0.0,0.0,0.5
1115,4.645833333333333,0.0,0.0,0.6049736738204956,0.0,-0.0,0.0,0.5
1116,4.65,0.0,0.0,0.6049736738204956,0.0,-0.0,0.0,0.5
1117,4.654166666666667,0.0,0.0,0.6049736738204956,0.0,-0.0,0.0,0.5
1118,4.658333333333333,0.0,0.0,0.6049736738204956,0.0,-0.0,0.0,0.5
1119,4.6625,0.0,0.0,0.6049736738204956,0.0,-0.0,0.0,0.5
1120,4.666666666666667,0.0,0.0,0.6049736738204956,0.0,-0.0,0.0,0.5
1121,4.670833333333333,0.0,0.0,0.6049736738204956,0.0,-0.0,0.0,0.5
1122,4.675,0.0,0.0,0.6049736738204956,0.0,-0.0,0.0,0.5
1123,4.679166666666666,0.0,0.0,0.6049736738204956,0.0,-0.0,0.0,0.5
1124,4.683333333333334,0.0,0.0,0.6049736738204956,0.0,-0.0,0.0,0.5
1125,4.6875,0.0,0.0,0.6049736738204956,0.0,-0.0,0.0,0.5
1126,4.691666666666666,0.0,0.0,0.6049736738204956,0.0,-0.0,0.0,0.5
1127,4.695833333333334,0.0,0.0,0.6049736738204956,0.0,-0.0,0.0,0.5
1128,4.7,0.0,0.0,0.6049736738204956,0.0,-0.0,0.0,0.5
1129,4.704166666666667,0.0,0.0,0.6049736738204956,0.0,-0.0,0.0,0.5
1130,4.708333333333333,0.0,0.0,0.6049736738204956,0.0,-0.0,0.0,0.5
1131,4.7125,0.0,0.0,0.6049736738204956,0.0,-0.0,0.0,0.5
1132,4.716666666666667,0.0,0.0,0.6049736738204956,0.0,-0.0,0.0,0.5
1133,4.720833333333333,0.0,0.0,0.6049736738204956,0.0,-0.0,0.0,0.5
1134,4.725,0.0,0.0,0.6049736738204956,0.0,-0.0,0.0,0.5
1135,4.729166666666667,0.0,0.0,0.6049736738204956,0.0,-0.0,0.0,0.5
1136,4.733333333333333,0.0,0.0,0.6049736738204956,0.0,-0.0,0.0,0.5
1137,4.7375,0.0,0.0,0.6049736738204956,0.0,-0.0,0.0,0.5
1138,4.741666666666666,0.0,0.0,0.6049736738204956,0.0,-0.0,0.0,0.5
1139,4.745833333333334,0.0,0.0,0.6049736738204956,0.0,-0.0,0.0,0.5
1140,4.75,0.0,0.0,0.6049736738204956,0.0,-0.0,0.0,0.5
1141,4.754166666666666,0.0,0.0,0.6049736738204956,0.0,-0.0,0.0,0.5
1142,4.758333333333334,0.0,0.0,0.6049736738204956,0.0,-0.0,0.0,0.5
1143,4.7625,0.0,0.0,0.6049736738204956,0.0,-0.0,0.0,0.5
1144,4.766666666666667,0.0,0.0,0.6049736738204956,0.0,-0.0,0.0,0.5
1145,4.770833333333333,0.0,0.0,0.6049736738204956,0.0,-0.0,0.0,0.5
1146,4.775,0.0,0.0,0.6049736738204956,0.0,-0.0,0.0,0.5
1147,4.779166666666667,0.0,0.0,0.6049736738204956,0.0,-0.0,0.0,0.5
1148,4.783333333333333,0.0,0.0,0.6049736738204956,0.0,-0.0,0.0,0.5
1149,4.7875,0.0,0.0,0.6049736738204956,0.0,-0.0,0.0,0.5
1150,4.791666666666667,0.0,0.0,0.6049736738204956,0.0,-0.0,0.0,0.5
1151,4.795833333333333,0.0,0.0,0.6049736738204956,0.0,-0.0,0.0,0.5
1152,4.8,0.0,0.0,0.6049736738204956,0.0,-0.0,0.0,0.5
1153,4.804166666666666,0.0,0.0,0.6049736738204956,0.0,-0.0,0.0,0.5
1154,4.808333333333334,0.0,0.0,0.6049736738204956,0.0,-0.0,0.0,0.5
1155,4.8125,0.0,0.0,0.6049736738204956,0.0,-0.0,0.0,0.5
1156,4.816666666666666,0.0,0.0,0.6049736738204956,0.0,-0.0,0.0,0.5
1157,4.820833333333334,0.0,0.0,0.6049736738204956,0.0,-0.0,0.0,0.5
1158,4.825,0.0,0.0,0.6049736738204956,0.0,-0.0,0.0,0.5
1159,4.829166666666667,0.0,0.0,0.6049736738204956,0.0,-0.0,0.0,0.5
1160,4.833333333333333,0.0,0.0,0.6049736738204956,0.0,-0.0,0.0,0.5
1161,4.8375,0.0,0.0,0.6049736738204956,0.0,-0.0,0.0,0.5
1162,4.841666666666667,0.0,0.0,0.6049736738204956,0.0,-0.0,0.0,0.5
1163,4.845833333333333,0.0,0.0,0.6049736738204956,0.0,-0.0,0.0,0.5
1164,4.85,0.0,0.0,0.6049736738204956,0.0,-0.0,0.0,0.5
1165,4.854166666666667,0.0,0.0,0.6049736738204956,0.0,-0.0,0.0,0.5
1166,4.858333333333333,0.0,0.0,0.6049736738204956,0.0,-0.0,0.0,0.5
1167,4.8625,0.0,0.0,0.6049736738204956,0.0,-0.0,0.0,0.5
1168,4.866666666666666,0.0,0.0,0.6049736738204956,0.0,-0.0,0.0,0.5
1169,4.870833333333334,0.0,0.0,0.6049736738204956,0.0,-0.0,0.0,0.5
1170,4.875,0.0,0.0,0.6049736738204956,0.0,-0.0,0.0,0.5
1171,4.879166666666666,0.0,0.0,0.6049736738204956,0.0,-0.0,0.0,0.5
1172,4.883333333333334,0.0,0.0,0.6049736738204956,0.0,-0.0,0.0,0.5
1173,4.8875,0.0,0.0,0.6049736738204956,0.0,-0.0,0.0,0.5
1174,4.891666666666667,0.0,0.0,0.6049736738204956,0.0,-0.0,0.0,0.5
1175,4.895833333333333,0.0,0.0,0.6049736738204956,0.0,-0.0,0.0,0.5
1176,4.9,0.0,0.0,0.6049736738204956,0.0,-0.0,0.0,0.5
1177,4.904166666666667,0.0,0.0,0.6049736738204956,0.0,-0.0,0.0,0.5
1178,4.908333333333333,0.0,0.0,0.6049736738204956,0.0,-0.0,0.0,0.5
1179,4.9125,0.0,0.0,0.6049736738204956,0.0,-0.0,0.0,0.5
1180,4.916666666666667,0.0,0.0,0.6049736738204956,0.0,-0.0,0.0,0.5
1181,4.920833333333333,0.0,0.0,0.6049736738204956,0.0,-0.0,0.0,0.5
1182,4.925,0.0,0.0,0.6049736738204956,0.0,-0.0,0.0,0.5
1183,4.929166666666666,0.0,0.0,0.6049736738204956,0.0,-0.0,0.0,0.5
1184,4.933333333333334,0.0,0.0,0.6049736738204956,0.0,-0.0,0.0,0.5
1185,4.9375,0.0,0.0,0.6049736738204956,0.0,-0.0,0.0,0.5
1186,4.941666666666666,0.0,0.0,0.6049736738204956,0.0,-0.0,0.0,0.5
1187,4.945833333333334,0.0,0.0,0.6049736738204956,0.0,-0.0,0.0,0.5
1188,4.95,0.0,0.0,0.6049736738204956,0.0,-0.0,0.0,0.5
1189,4.954166666666667,0.0,0.0,0.6049736738204956,0.0,-0.0,0.0,0.5
1190,4.958333333333333,0.0,0.0,0.6049736738204956,0.0,-0.0,0.0,0.5
1191,4.9625,0.0,0.0,0.6049736738204956,0.0,-0.0,0.0,0.5
1192,4.966666666666667,0.0,0.0,0.6049736738204956,0.0,-0.0,0.0,0.5
1193,4.970833333333333,0.0,0.0,0.6049736738204956,0.0,-0.0,0.0,0.5
1194,4.975,0.0,0.0,0.6049736738204956,0.0,-0.0,0.0,0.5
1195,4.979166666666667,0.0,0.0,0.6049736738204956,0.0,-0.0,0.0,0.5
1196,4.983333333333333,0.0,0.0,0.6049736738204956,0.0,-0.0,0.0,0.5
1197,4.9875,0.0,0.0,0.6049736738204956,0.0,-0.0,0.0,0.5
1198,4.991666666666666,0.0,0.0,0.6049736738204956,0.0,-0.0,0.0,0.5
1199,4.995833333333334,0.0,0.0,0.6049736738204956,0.0,-0.0,0.0,0.5
